,Series_reference,Period,Data_value,Suppressed,STATUS,UNITS,Magnitude,Subject,Group,Series_title_1,Series_title_2,Series_title_3,Series_title_4,Series_title_5
0,BDCQ.SEA1AA,2011.06,80078,,F,Number,0,Business Data Collection - BDC,Industry by employment variable,Filled jobs,"Agriculture, Forestry and Fishing",Actual,,
1,BDCQ.SEA1AA,2011.09,78324,,F,Number,0,Business Data Collection - BDC,Industry by employment variable,Filled jobs,"Agriculture, Forestry and Fishing",Actual,,
2,BDCQ.SEA1AA,2011.12,85850,,F,Number,0,Business Data Collection - BDC,Industry by employment variable,Filled jobs,"Agriculture, Forestry and Fishing",Actual,,
3,BDCQ.SEA1AA,2012.03,90743,,F,Number,0,Business Data Collection - BDC,Industry by employment variable,Filled jobs,"Agriculture, Forestry and Fishing",Actual,,
4,BDCQ.SEA1AA,2012.06,81780,,F,Number,0,Business Data Collection - BDC,Industry by employment variable,Filled jobs,"Agriculture, Forestry and Fishing",Actual,,
5,BDCQ.SEA1AA,2012.09,79261,,F,Number,0,Business Data Collection - BDC,Industry by employment variable,Filled jobs,"Agriculture, Forestry and Fishing",Actual,,
6,BDCQ.SEA1AA,2012.12,87793,,F,Number,0,Business Data Collection - BDC,Industry by employment variable,Filled jobs,"Agriculture, Forestry and Fishing",Actual,,
7,BDCQ.SEA1AA,2013.03,91571,,F,Number,0,Business Data Collection - BDC,Industry by employment variable,Filled jobs,"Agriculture, Forestry and Fishing",Actual,,
8,BDCQ.SEA1AA,2013.06,81687,,F,Number,0,Business Data Collection - BDC,Industry by employment variable,Filled jobs,"Agriculture, Forestry and Fishing",Actual,,
9,BDCQ.SEA1AA,2013.09,81471,,F,Number,0,Business Data Collection - BDC,Industry by employment variable,Filled jobs,"Agriculture, Forestry and Fishing",Actual,,
10,BDCQ.SEA1AA,2013.12,93950,,F,Number,0,Business Data Collection - BDC,Industry by employment variable,Filled jobs,"Agriculture, Forestry and Fishing",Actual,,
11,BDCQ.SEA1AA,2014.03,97208,,F,Number,0,Business Data Collection - BDC,Industry by employment variable,Filled jobs,"Agriculture, Forestry and Fishing",Actual,,
12,BDCQ.SEA1AA,2014.06,85879,,F,Number,0,Business Data Collection - BDC,Industry by employment variable,Filled jobs,"Agriculture, Forestry and Fishing",Actual,,
13,BDCQ.SEA1AA,2014.09,84447,,F,Number,0,Business Data Collection - BDC,Industry by employment variable,Filled jobs,"Agriculture, Forestry and Fishing",Actual,,
14,BDCQ.SEA1AA,2014.12,95075,,F,Number,0,Business Data Collection - BDC,Industry by employment variable,Filled jobs,"Agriculture, Forestry and Fishing",Actual,,
15,BDCQ.SEA1AA,2015.03,98202,,F,Number,0,Business Data Collection - BDC,Industry by employment variable,Filled jobs,"Agriculture, Forestry and Fishing",Actual,,
16,BDCQ.SEA1AA,2015.06,87987,,F,Number,0,Business Data Collection - BDC,Industry by employment variable,Filled jobs,"Agriculture, Forestry and Fishing",Actual,,
17,BDCQ.SEA1AA,2015.09,84529,,F,Number,0,Business Data Collection - BDC,Industry by employment variable,Filled jobs,"Agriculture, Forestry and Fishing",Actual,,
18,BDCQ.SEA1AA,2015.12,96848,,F,Number,0,Business Data Collection - BDC,Industry by employment variable,Filled jobs,"Agriculture, Forestry and Fishing",Actual,,
19,BDCQ.SEA1AA,2016.03,99291,,F,Number,0,Business Data Collection - BDC,Industry by employment variable,Filled jobs,"Agriculture, Forestry and Fishing",Actual,,
20,BDCQ.SEA1AA,2016.06,88716,,F,Number,0,Business Data Collection - BDC,Industry by employment variable,Filled jobs,"Agriculture, Forestry and Fishing",Actual,,
21,BDCQ.SEA1AA,2016.09,85933,,F,Number,0,Business Data Collection - BDC,Industry by employment variable,Filled jobs,"Agriculture, Forestry and Fishing",Actual,,
22,BDCQ.SEA1AA,2016.12,96540,,F,Number,0,Business Data Collection - BDC,Industry by employment variable,Filled jobs,"Agriculture, Forestry and Fishing",Actual,,
23,BDCQ.SEA1AA,2017.03,98994,,F,Number,0,Business Data Collection - BDC,Industry by employment variable,Filled jobs,"Agriculture, Forestry and Fishing",Actual,,
24,BDCQ.SEA1AA,2017.06,90510,,F,Number,0,Business Data Collection - BDC,Industry by employment variable,Filled jobs,"Agriculture, Forestry and Fishing",Actual,,
25,BDCQ.SEA1AA,2017.09,87089,,F,Number,0,Business Data Collection - BDC,Industry by employment variable,Filled jobs,"Agriculture, Forestry and Fishing",Actual,,
26,BDCQ.SEA1AA,2017.12,98933,,F,Number,0,Business Data Collection - BDC,Industry by employment variable,Filled jobs,"Agriculture, Forestry and Fishing",Actual,,
27,BDCQ.SEA1AA,2018.03,101168,,F,Number,0,Business Data Collection - BDC,Industry by employment variable,Filled jobs,"Agriculture, Forestry and Fishing",Actual,,
28,BDCQ.SEA1AA,2018.06,90766,,F,Number,0,Business Data Collection - BDC,Industry by employment variable,Filled jobs,"Agriculture, Forestry and Fishing",Actual,,
29,BDCQ.SEA1AA,2018.09,86929,,F,Number,0,Business Data Collection - BDC,Industry by employment variable,Filled jobs,"Agriculture, Forestry and Fishing",Actual,,
30,BDCQ.SEA1AA,2018.12,100290,,F,Number,0,Business Data Collection - BDC,Industry by employment variable,Filled jobs,"Agriculture, Forestry and Fishing",Actual,,
31,BDCQ.SEA1AA,2019.03,102031,,F,Number,0,Business Data Collection - BDC,Industry by employment variable,Filled jobs,"Agriculture, Forestry and Fishing",Actual,,
32,BDCQ.SEA1AA,2019.06,90836,,F,Number,0,Business Data Collection - BDC,Industry by employment variable,Filled jobs,"Agriculture, Forestry and Fishing",Actual,,
33,BDCQ.SEA1AA,2019.09,88032,,F,Number,0,Business Data Collection - BDC,Industry by employment variable,Filled jobs,"Agriculture, Forestry and Fishing",Actual,,
34,BDCQ.SEA1AA,2019.12,100531,,F,Number,0,Business Data Collection - BDC,Industry by employment variable,Filled jobs,"Agriculture, Forestry and Fishing",Actual,,
35,BDCQ.SEA1AA,2020.03,100947,,F,Number,0,Business Data Collection - BDC,Industry by employment variable,Filled jobs,"Agriculture, Forestry and Fishing",Actual,,
36,BDCQ.SEA1AA,2020.06,93239,,F,Number,0,Business Data Collection - BDC,Industry by employment variable,Filled jobs,"Agriculture, Forestry and Fishing",Actual,,
37,BDCQ.SEA1AA,2020.09,93706,,F,Number,0,Business Data Collection - BDC,Industry by employment variable,Filled jobs,"Agriculture, Forestry and Fishing",Actual,,
38,BDCQ.SEA1AA,2020.12,103593,,F,Number,0,Business Data Collection - BDC,Industry by employment variable,Filled jobs,"Agriculture, Forestry and Fishing",Actual,,
39,BDCQ.SEA1AA,2021.03,102002,,F,Number,0,Business Data Collection - BDC,Industry by employment variable,Filled jobs,"Agriculture, Forestry and Fishing",Actual,,
40,BDCQ.SEA1AA,2021.06,93431,,F,Number,0,Business Data Collection - BDC,Industry by employment variable,Filled jobs,"Agriculture, Forestry and Fishing",Actual,,
41,BDCQ.SEA1AA,2021.09,92353,,F,Number,0,Business Data Collection - BDC,Industry by employment variable,Filled jobs,"Agriculture, Forestry and Fishing",Actual,,
42,BDCQ.SEA1AA,2021.12,102896,,F,Number,0,Business Data Collection - BDC,Industry by employment variable,Filled jobs,"Agriculture, Forestry and Fishing",Actual,,
43,BDCQ.SEA1AA,2022.03,101092,,F,Number,0,Business Data Collection - BDC,Industry by employment variable,Filled jobs,"Agriculture, Forestry and Fishing",Actual,,
44,BDCQ.SEA1AA,2022.06,94757,,F,Number,0,Business Data Collection - BDC,Industry by employment variable,Filled jobs,"Agriculture, Forestry and Fishing",Actual,,
45,BDCQ.SEA1AA,2022.09,91674,,F,Number,0,Business Data Collection - BDC,Industry by employment variable,Filled jobs,"Agriculture, Forestry and Fishing",Actual,,
46,BDCQ.SEA1AA,2022.12,99680,,F,Number,0,Business Data Collection - BDC,Industry by employment variable,Filled jobs,"Agriculture, Forestry and Fishing",Actual,,
47,BDCQ.SEA1AA,2023.03,98706,,F,Number,0,Business Data Collection - BDC,Industry by employment variable,Filled jobs,"Agriculture, Forestry and Fishing",Actual,,
48,BDCQ.SEA1AA,2023.06,92576,,F,Number,0,Business Data Collection - BDC,Industry by employment variable,Filled jobs,"Agriculture, Forestry and Fishing",Actual,,
49,BDCQ.SEA1AA,2023.09,90647,,F,Number,0,Business Data Collection - BDC,Industry by employment variable,Filled jobs,"Agriculture, Forestry and Fishing",Actual,,
50,BDCQ.SEA1AA,2023.12,100561,,F,Number,0,Business Data Collection - BDC,Industry by employment variable,Filled jobs,"Agriculture, Forestry and Fishing",Actual,,
51,BDCQ.SEA1AA,2024.03,100429,,F,Number,0,Business Data Collection - BDC,Industry by employment variable,Filled jobs,"Agriculture, Forestry and Fishing",Actual,,
52,BDCQ.SEA1AA,2024.06,92037,,F,Number,0,Business Data Collection - BDC,Industry by employment variable,Filled jobs,"Agriculture, Forestry and Fishing",Actual,,
53,BDCQ.SEA1AA,2024.09,90079,,F,Number,0,Business Data Collection - BDC,Industry by employment variable,Filled jobs,"Agriculture, Forestry and Fishing",Actual,,
54,BDCQ.SEA1AA,2024.12,100318,,F,Number,0,Business Data Collection - BDC,Industry by employment variable,Filled jobs,"Agriculture, Forestry and Fishing",Actual,,
55,BDCQ.SEA1AA,2025.03,99703,,F,Number,0,Business Data Collection - BDC,Industry by employment variable,Filled jobs,"Agriculture, Forestry and Fishing",Actual,,
56,BDCQ.SEA1AA,2025.06,92128,,F,Number,0,Business Data Collection - BDC,Industry by employment variable,Filled jobs,"Agriculture, Forestry and Fishing",Actual,,
57,BDCQ.SEA1AA,2025.09,90814,,R,Number,0,Business Data Collection - BDC,Industry by employment variable,Filled jobs,"Agriculture, Forestry and Fishing",Actual,,
58,BDCQ.SEA1AS,2011.06,83851,,R,Number,0,Business Data Collection - BDC,Industry by employment variable,Filled jobs,"Agriculture, Forestry and Fishing",Seasonally adjusted,,
59,BDCQ.SEA1AS,2011.09,84142,,R,Number,0,Business Data Collection - BDC,Industry by employment variable,Filled jobs,"Agriculture, Forestry and Fishing",Seasonally adjusted,,
60,BDCQ.SEA1AS,2011.12,82663,,R,Number,0,Business Data Collection - BDC,Industry by employment variable,Filled jobs,"Agriculture, Forestry and Fishing",Seasonally adjusted,,
61,BDCQ.SEA1AS,2012.03,84321,,R,Number,0,Business Data Collection - BDC,Industry by employment variable,Filled jobs,"Agriculture, Forestry and Fishing",Seasonally adjusted,,
62,BDCQ.SEA1AS,2012.06,85700,,R,Number,0,Business Data Collection - BDC,Industry by employment variable,Filled jobs,"Agriculture, Forestry and Fishing",Seasonally adjusted,,
63,BDCQ.SEA1AS,2012.09,85208,,R,Number,0,Business Data Collection - BDC,Industry by employment variable,Filled jobs,"Agriculture, Forestry and Fishing",Seasonally adjusted,,
64,BDCQ.SEA1AS,2012.12,84420,,R,Number,0,Business Data Collection - BDC,Industry by employment variable,Filled jobs,"Agriculture, Forestry and Fishing",Seasonally adjusted,,
65,BDCQ.SEA1AS,2013.03,85085,,R,Number,0,Business Data Collection - BDC,Industry by employment variable,Filled jobs,"Agriculture, Forestry and Fishing",Seasonally adjusted,,
66,BDCQ.SEA1AS,2013.06,85658,,R,Number,0,Business Data Collection - BDC,Industry by employment variable,Filled jobs,"Agriculture, Forestry and Fishing",Seasonally adjusted,,
67,BDCQ.SEA1AS,2013.09,87742,,R,Number,0,Business Data Collection - BDC,Industry by employment variable,Filled jobs,"Agriculture, Forestry and Fishing",Seasonally adjusted,,
68,BDCQ.SEA1AS,2013.12,90098,,R,Number,0,Business Data Collection - BDC,Industry by employment variable,Filled jobs,"Agriculture, Forestry and Fishing",Seasonally adjusted,,
69,BDCQ.SEA1AS,2014.03,90413,,R,Number,0,Business Data Collection - BDC,Industry by employment variable,Filled jobs,"Agriculture, Forestry and Fishing",Seasonally adjusted,,
70,BDCQ.SEA1AS,2014.06,90029,,R,Number,0,Business Data Collection - BDC,Industry by employment variable,Filled jobs,"Agriculture, Forestry and Fishing",Seasonally adjusted,,
71,BDCQ.SEA1AS,2014.09,91075,,R,Number,0,Business Data Collection - BDC,Industry by employment variable,Filled jobs,"Agriculture, Forestry and Fishing",Seasonally adjusted,,
72,BDCQ.SEA1AS,2014.12,91007,,R,Number,0,Business Data Collection - BDC,Industry by employment variable,Filled jobs,"Agriculture, Forestry and Fishing",Seasonally adjusted,,
73,BDCQ.SEA1AS,2015.03,91515,,R,Number,0,Business Data Collection - BDC,Industry by employment variable,Filled jobs,"Agriculture, Forestry and Fishing",Seasonally adjusted,,
74,BDCQ.SEA1AS,2015.06,92019,,R,Number,0,Business Data Collection - BDC,Industry by employment variable,Filled jobs,"Agriculture, Forestry and Fishing",Seasonally adjusted,,
75,BDCQ.SEA1AS,2015.09,91355,,R,Number,0,Business Data Collection - BDC,Industry by employment variable,Filled jobs,"Agriculture, Forestry and Fishing",Seasonally adjusted,,
76,BDCQ.SEA1AS,2015.12,92546,,R,Number,0,Business Data Collection - BDC,Industry by employment variable,Filled jobs,"Agriculture, Forestry and Fishing",Seasonally adjusted,,
77,BDCQ.SEA1AS,2016.03,92748,,R,Number,0,Business Data Collection - BDC,Industry by employment variable,Filled jobs,"Agriculture, Forestry and Fishing",Seasonally adjusted,,
78,BDCQ.SEA1AS,2016.06,92576,,R,Number,0,Business Data Collection - BDC,Industry by employment variable,Filled jobs,"Agriculture, Forestry and Fishing",Seasonally adjusted,,
79,BDCQ.SEA1AS,2016.09,92920,,R,Number,0,Business Data Collection - BDC,Industry by employment variable,Filled jobs,"Agriculture, Forestry and Fishing",Seasonally adjusted,,
80,BDCQ.SEA1AS,2016.12,92189,,R,Number,0,Business Data Collection - BDC,Industry by employment variable,Filled jobs,"Agriculture, Forestry and Fishing",Seasonally adjusted,,
81,BDCQ.SEA1AS,2017.03,92657,,R,Number,0,Business Data Collection - BDC,Industry by employment variable,Filled jobs,"Agriculture, Forestry and Fishing",Seasonally adjusted,,
82,BDCQ.SEA1AS,2017.06,94320,,R,Number,0,Business Data Collection - BDC,Industry by employment variable,Filled jobs,"Agriculture, Forestry and Fishing",Seasonally adjusted,,
83,BDCQ.SEA1AS,2017.09,94201,,R,Number,0,Business Data Collection - BDC,Industry by employment variable,Filled jobs,"Agriculture, Forestry and Fishing",Seasonally adjusted,,
84,BDCQ.SEA1AS,2017.12,94258,,R,Number,0,Business Data Collection - BDC,Industry by employment variable,Filled jobs,"Agriculture, Forestry and Fishing",Seasonally adjusted,,
85,BDCQ.SEA1AS,2018.03,94944,,R,Number,0,Business Data Collection - BDC,Industry by employment variable,Filled jobs,"Agriculture, Forestry and Fishing",Seasonally adjusted,,
86,BDCQ.SEA1AS,2018.06,94735,,R,Number,0,Business Data Collection - BDC,Industry by employment variable,Filled jobs,"Agriculture, Forestry and Fishing",Seasonally adjusted,,
87,BDCQ.SEA1AS,2018.09,93701,,R,Number,0,Business Data Collection - BDC,Industry by employment variable,Filled jobs,"Agriculture, Forestry and Fishing",Seasonally adjusted,,
88,BDCQ.SEA1AS,2018.12,95345,,R,Number,0,Business Data Collection - BDC,Industry by employment variable,Filled jobs,"Agriculture, Forestry and Fishing",Seasonally adjusted,,
89,BDCQ.SEA1AS,2019.03,96205,,R,Number,0,Business Data Collection - BDC,Industry by employment variable,Filled jobs,"Agriculture, Forestry and Fishing",Seasonally adjusted,,
90,BDCQ.SEA1AS,2019.06,94949,,R,Number,0,Business Data Collection - BDC,Industry by employment variable,Filled jobs,"Agriculture, Forestry and Fishing",Seasonally adjusted,,
91,BDCQ.SEA1AS,2019.09,94336,,R,Number,0,Business Data Collection - BDC,Industry by employment variable,Filled jobs,"Agriculture, Forestry and Fishing",Seasonally adjusted,,
92,BDCQ.SEA1AS,2019.12,95431,,R,Number,0,Business Data Collection - BDC,Industry by employment variable,Filled jobs,"Agriculture, Forestry and Fishing",Seasonally adjusted,,
93,BDCQ.SEA1AS,2020.03,95827,,R,Number,0,Business Data Collection - BDC,Industry by employment variable,Filled jobs,"Agriculture, Forestry and Fishing",Seasonally adjusted,,
94,BDCQ.SEA1AS,2020.06,97448,,R,Number,0,Business Data Collection - BDC,Industry by employment variable,Filled jobs,"Agriculture, Forestry and Fishing",Seasonally adjusted,,
95,BDCQ.SEA1AS,2020.09,99657,,R,Number,0,Business Data Collection - BDC,Industry by employment variable,Filled jobs,"Agriculture, Forestry and Fishing",Seasonally adjusted,,
96,BDCQ.SEA1AS,2020.12,98469,,R,Number,0,Business Data Collection - BDC,Industry by employment variable,Filled jobs,"Agriculture, Forestry and Fishing",Seasonally adjusted,,
97,BDCQ.SEA1AS,2021.03,97449,,R,Number,0,Business Data Collection - BDC,Industry by employment variable,Filled jobs,"Agriculture, Forestry and Fishing",Seasonally adjusted,,
98,BDCQ.SEA1AS,2021.06,97336,,R,Number,0,Business Data Collection - BDC,Industry by employment variable,Filled jobs,"Agriculture, Forestry and Fishing",Seasonally adjusted,,
99,BDCQ.SEA1AS,2021.09,97770,,R,Number,0,Business Data Collection - BDC,Industry by employment variable,Filled jobs,"Agriculture, Forestry and Fishing",Seasonally adjusted,,
100,BDCQ.SEA1AS,2021.12,98027,,R,Number,0,Business Data Collection - BDC,Industry by employment variable,Filled jobs,"Agriculture, Forestry and Fishing",Seasonally adjusted,,
101,BDCQ.SEA1AS,2022.03,96949,,R,Number,0,Business Data Collection - BDC,Industry by employment variable,Filled jobs,"Agriculture, Forestry and Fishing",Seasonally adjusted,,
102,BDCQ.SEA1AS,2022.06,98367,,R,Number,0,Business Data Collection - BDC,Industry by employment variable,Filled jobs,"Agriculture, Forestry and Fishing",Seasonally adjusted,,
103,BDCQ.SEA1AS,2022.09,96900,,R,Number,0,Business Data Collection - BDC,Industry by employment variable,Filled jobs,"Agriculture, Forestry and Fishing",Seasonally adjusted,,
104,BDCQ.SEA1AS,2022.12,95144,,R,Number,0,Business Data Collection - BDC,Industry by employment variable,Filled jobs,"Agriculture, Forestry and Fishing",Seasonally adjusted,,
105,BDCQ.SEA1AS,2023.03,94746,,R,Number,0,Business Data Collection - BDC,Industry by employment variable,Filled jobs,"Agriculture, Forestry and Fishing",Seasonally adjusted,,
106,BDCQ.SEA1AS,2023.06,95929,,R,Number,0,Business Data Collection - BDC,Industry by employment variable,Filled jobs,"Agriculture, Forestry and Fishing",Seasonally adjusted,,
107,BDCQ.SEA1AS,2023.09,95870,,R,Number,0,Business Data Collection - BDC,Industry by employment variable,Filled jobs,"Agriculture, Forestry and Fishing",Seasonally adjusted,,
108,BDCQ.SEA1AS,2023.12,96018,,R,Number,0,Business Data Collection - BDC,Industry by employment variable,Filled jobs,"Agriculture, Forestry and Fishing",Seasonally adjusted,,
109,BDCQ.SEA1AS,2024.03,96323,,R,Number,0,Business Data Collection - BDC,Industry by employment variable,Filled jobs,"Agriculture, Forestry and Fishing",Seasonally adjusted,,
110,BDCQ.SEA1AS,2024.06,95434,,R,Number,0,Business Data Collection - BDC,Industry by employment variable,Filled jobs,"Agriculture, Forestry and Fishing",Seasonally adjusted,,
111,BDCQ.SEA1AS,2024.09,95298,,R,Number,0,Business Data Collection - BDC,Industry by employment variable,Filled jobs,"Agriculture, Forestry and Fishing",Seasonally adjusted,,
112,BDCQ.SEA1AS,2024.12,95739,,R,Number,0,Business Data Collection - BDC,Industry by employment variable,Filled jobs,"Agriculture, Forestry and Fishing",Seasonally adjusted,,
113,BDCQ.SEA1AS,2025.03,95575,,R,Number,0,Business Data Collection - BDC,Industry by employment variable,Filled jobs,"Agriculture, Forestry and Fishing",Seasonally adjusted,,
114,BDCQ.SEA1AS,2025.06,95631,,R,Number,0,Business Data Collection - BDC,Industry by employment variable,Filled jobs,"Agriculture, Forestry and Fishing",Seasonally adjusted,,
115,BDCQ.SEA1AS,2025.09,96071,,F,Number,0,Business Data Collection - BDC,Industry by employment variable,Filled jobs,"Agriculture, Forestry and Fishing",Seasonally adjusted,,
116,BDCQ.SEA1AT,2011.06,83962,,R,Number,0,Business Data Collection - BDC,Industry by employment variable,Filled jobs,"Agriculture, Forestry and Fishing",Trend,,
117,BDCQ.SEA1AT,2011.09,83978,,R,Number,0,Business Data Collection - BDC,Industry by employment variable,Filled jobs,"Agriculture, Forestry and Fishing",Trend,,
118,BDCQ.SEA1AT,2011.12,83924,,R,Number,0,Business Data Collection - BDC,Industry by employment variable,Filled jobs,"Agriculture, Forestry and Fishing",Trend,,
119,BDCQ.SEA1AT,2012.03,84528,,R,Number,0,Business Data Collection - BDC,Industry by employment variable,Filled jobs,"Agriculture, Forestry and Fishing",Trend,,
120,BDCQ.SEA1AT,2012.06,85382,,R,Number,0,Business Data Collection - BDC,Industry by employment variable,Filled jobs,"Agriculture, Forestry and Fishing",Trend,,
121,BDCQ.SEA1AT,2012.09,85195,,R,Number,0,Business Data Collection - BDC,Industry by employment variable,Filled jobs,"Agriculture, Forestry and Fishing",Trend,,
122,BDCQ.SEA1AT,2012.12,84662,,R,Number,0,Business Data Collection - BDC,Industry by employment variable,Filled jobs,"Agriculture, Forestry and Fishing",Trend,,
123,BDCQ.SEA1AT,2013.03,84853,,R,Number,0,Business Data Collection - BDC,Industry by employment variable,Filled jobs,"Agriculture, Forestry and Fishing",Trend,,
124,BDCQ.SEA1AT,2013.06,85867,,R,Number,0,Business Data Collection - BDC,Industry by employment variable,Filled jobs,"Agriculture, Forestry and Fishing",Trend,,
125,BDCQ.SEA1AT,2013.09,87821,,R,Number,0,Business Data Collection - BDC,Industry by employment variable,Filled jobs,"Agriculture, Forestry and Fishing",Trend,,
126,BDCQ.SEA1AT,2013.12,89828,,R,Number,0,Business Data Collection - BDC,Industry by employment variable,Filled jobs,"Agriculture, Forestry and Fishing",Trend,,
127,BDCQ.SEA1AT,2014.03,90363,,R,Number,0,Business Data Collection - BDC,Industry by employment variable,Filled jobs,"Agriculture, Forestry and Fishing",Trend,,
128,BDCQ.SEA1AT,2014.06,90388,,R,Number,0,Business Data Collection - BDC,Industry by employment variable,Filled jobs,"Agriculture, Forestry and Fishing",Trend,,
129,BDCQ.SEA1AT,2014.09,90773,,R,Number,0,Business Data Collection - BDC,Industry by employment variable,Filled jobs,"Agriculture, Forestry and Fishing",Trend,,
130,BDCQ.SEA1AT,2014.12,91172,,R,Number,0,Business Data Collection - BDC,Industry by employment variable,Filled jobs,"Agriculture, Forestry and Fishing",Trend,,
131,BDCQ.SEA1AT,2015.03,91558,,R,Number,0,Business Data Collection - BDC,Industry by employment variable,Filled jobs,"Agriculture, Forestry and Fishing",Trend,,
132,BDCQ.SEA1AT,2015.06,91713,,R,Number,0,Business Data Collection - BDC,Industry by employment variable,Filled jobs,"Agriculture, Forestry and Fishing",Trend,,
133,BDCQ.SEA1AT,2015.09,91788,,R,Number,0,Business Data Collection - BDC,Industry by employment variable,Filled jobs,"Agriculture, Forestry and Fishing",Trend,,
134,BDCQ.SEA1AT,2015.12,92293,,R,Number,0,Business Data Collection - BDC,Industry by employment variable,Filled jobs,"Agriculture, Forestry and Fishing",Trend,,
135,BDCQ.SEA1AT,2016.03,92727,,R,Number,0,Business Data Collection - BDC,Industry by employment variable,Filled jobs,"Agriculture, Forestry and Fishing",Trend,,
136,BDCQ.SEA1AT,2016.06,92758,,R,Number,0,Business Data Collection - BDC,Industry by employment variable,Filled jobs,"Agriculture, Forestry and Fishing",Trend,,
137,BDCQ.SEA1AT,2016.09,92636,,R,Number,0,Business Data Collection - BDC,Industry by employment variable,Filled jobs,"Agriculture, Forestry and Fishing",Trend,,
138,BDCQ.SEA1AT,2016.12,92356,,R,Number,0,Business Data Collection - BDC,Industry by employment variable,Filled jobs,"Agriculture, Forestry and Fishing",Trend,,
139,BDCQ.SEA1AT,2017.03,92875,,R,Number,0,Business Data Collection - BDC,Industry by employment variable,Filled jobs,"Agriculture, Forestry and Fishing",Trend,,
140,BDCQ.SEA1AT,2017.06,93957,,R,Number,0,Business Data Collection - BDC,Industry by employment variable,Filled jobs,"Agriculture, Forestry and Fishing",Trend,,
141,BDCQ.SEA1AT,2017.09,94311,,R,Number,0,Business Data Collection - BDC,Industry by employment variable,Filled jobs,"Agriculture, Forestry and Fishing",Trend,,
142,BDCQ.SEA1AT,2017.12,94403,,R,Number,0,Business Data Collection - BDC,Industry by employment variable,Filled jobs,"Agriculture, Forestry and Fishing",Trend,,
143,BDCQ.SEA1AT,2018.03,94794,,R,Number,0,Business Data Collection - BDC,Industry by employment variable,Filled jobs,"Agriculture, Forestry and Fishing",Trend,,
144,BDCQ.SEA1AT,2018.06,94615,,R,Number,0,Business Data Collection - BDC,Industry by employment variable,Filled jobs,"Agriculture, Forestry and Fishing",Trend,,
145,BDCQ.SEA1AT,2018.09,94464,,R,Number,0,Business Data Collection - BDC,Industry by employment variable,Filled jobs,"Agriculture, Forestry and Fishing",Trend,,
146,BDCQ.SEA1AT,2018.12,95321,,R,Number,0,Business Data Collection - BDC,Industry by employment variable,Filled jobs,"Agriculture, Forestry and Fishing",Trend,,
147,BDCQ.SEA1AT,2019.03,95872,,R,Number,0,Business Data Collection - BDC,Industry by employment variable,Filled jobs,"Agriculture, Forestry and Fishing",Trend,,
148,BDCQ.SEA1AT,2019.06,95074,,R,Number,0,Business Data Collection - BDC,Industry by employment variable,Filled jobs,"Agriculture, Forestry and Fishing",Trend,,
149,BDCQ.SEA1AT,2019.09,94591,,R,Number,0,Business Data Collection - BDC,Industry by employment variable,Filled jobs,"Agriculture, Forestry and Fishing",Trend,,
150,BDCQ.SEA1AT,2019.12,95113,,R,Number,0,Business Data Collection - BDC,Industry by employment variable,Filled jobs,"Agriculture, Forestry and Fishing",Trend,,
151,BDCQ.SEA1AT,2020.03,96021,,R,Number,0,Business Data Collection - BDC,Industry by employment variable,Filled jobs,"Agriculture, Forestry and Fishing",Trend,,
152,BDCQ.SEA1AT,2020.06,97669,,R,Number,0,Business Data Collection - BDC,Industry by employment variable,Filled jobs,"Agriculture, Forestry and Fishing",Trend,,
153,BDCQ.SEA1AT,2020.09,99055,,R,Number,0,Business Data Collection - BDC,Industry by employment variable,Filled jobs,"Agriculture, Forestry and Fishing",Trend,,
154,BDCQ.SEA1AT,2020.12,98652,,R,Number,0,Business Data Collection - BDC,Industry by employment variable,Filled jobs,"Agriculture, Forestry and Fishing",Trend,,
155,BDCQ.SEA1AT,2021.03,97536,,R,Number,0,Business Data Collection - BDC,Industry by employment variable,Filled jobs,"Agriculture, Forestry and Fishing",Trend,,
156,BDCQ.SEA1AT,2021.06,97363,,R,Number,0,Business Data Collection - BDC,Industry by employment variable,Filled jobs,"Agriculture, Forestry and Fishing",Trend,,
157,BDCQ.SEA1AT,2021.09,97707,,R,Number,0,Business Data Collection - BDC,Industry by employment variable,Filled jobs,"Agriculture, Forestry and Fishing",Trend,,
158,BDCQ.SEA1AT,2021.12,98042,,R,Number,0,Business Data Collection - BDC,Industry by employment variable,Filled jobs,"Agriculture, Forestry and Fishing",Trend,,
159,BDCQ.SEA1AT,2022.03,98351,,R,Number,0,Business Data Collection - BDC,Industry by employment variable,Filled jobs,"Agriculture, Forestry and Fishing",Trend,,
160,BDCQ.SEA1AT,2022.06,98162,,R,Number,0,Business Data Collection - BDC,Industry by employment variable,Filled jobs,"Agriculture, Forestry and Fishing",Trend,,
161,BDCQ.SEA1AT,2022.09,96874,,R,Number,0,Business Data Collection - BDC,Industry by employment variable,Filled jobs,"Agriculture, Forestry and Fishing",Trend,,
162,BDCQ.SEA1AT,2022.12,95251,,R,Number,0,Business Data Collection - BDC,Industry by employment variable,Filled jobs,"Agriculture, Forestry and Fishing",Trend,,
163,BDCQ.SEA1AT,2023.03,94959,,R,Number,0,Business Data Collection - BDC,Industry by employment variable,Filled jobs,"Agriculture, Forestry and Fishing",Trend,,
164,BDCQ.SEA1AT,2023.06,95596,,R,Number,0,Business Data Collection - BDC,Industry by employment variable,Filled jobs,"Agriculture, Forestry and Fishing",Trend,,
165,BDCQ.SEA1AT,2023.09,95970,,R,Number,0,Business Data Collection - BDC,Industry by employment variable,Filled jobs,"Agriculture, Forestry and Fishing",Trend,,
166,BDCQ.SEA1AT,2023.12,96116,,R,Number,0,Business Data Collection - BDC,Industry by employment variable,Filled jobs,"Agriculture, Forestry and Fishing",Trend,,
167,BDCQ.SEA1AT,2024.03,96081,,R,Number,0,Business Data Collection - BDC,Industry by employment variable,Filled jobs,"Agriculture, Forestry and Fishing",Trend,,
168,BDCQ.SEA1AT,2024.06,95590,,R,Number,0,Business Data Collection - BDC,Industry by employment variable,Filled jobs,"Agriculture, Forestry and Fishing",Trend,,
169,BDCQ.SEA1AT,2024.09,95372,,R,Number,0,Business Data Collection - BDC,Industry by employment variable,Filled jobs,"Agriculture, Forestry and Fishing",Trend,,
170,BDCQ.SEA1AT,2024.12,95592,,R,Number,0,Business Data Collection - BDC,Industry by employment variable,Filled jobs,"Agriculture, Forestry and Fishing",Trend,,
171,BDCQ.SEA1AT,2025.03,95624,,R,Number,0,Business Data Collection - BDC,Industry by employment variable,Filled jobs,"Agriculture, Forestry and Fishing",Trend,,
172,BDCQ.SEA1AT,2025.06,95711,,R,Number,0,Business Data Collection - BDC,Industry by employment variable,Filled jobs,"Agriculture, Forestry and Fishing",Trend,,
173,BDCQ.SEA1AT,2025.09,95964,,F,Number,0,Business Data Collection - BDC,Industry by employment variable,Filled jobs,"Agriculture, Forestry and Fishing",Trend,,
174,BDCQ.SEA1BA,2011.06,5234,,F,Number,0,Business Data Collection - BDC,Industry by employment variable,Filled jobs,Mining,Actual,,
175,BDCQ.SEA1BA,2011.09,5268,,F,Number,0,Business Data Collection - BDC,Industry by employment variable,Filled jobs,Mining,Actual,,
176,BDCQ.SEA1BA,2011.12,5499,,F,Number,0,Business Data Collection - BDC,Industry by employment variable,Filled jobs,Mining,Actual,,
177,BDCQ.SEA1BA,2012.03,5811,,F,Number,0,Business Data Collection - BDC,Industry by employment variable,Filled jobs,Mining,Actual,,
178,BDCQ.SEA1BA,2012.06,5847,,F,Number,0,Business Data Collection - BDC,Industry by employment variable,Filled jobs,Mining,Actual,,
179,BDCQ.SEA1BA,2012.09,5922,,F,Number,0,Business Data Collection - BDC,Industry by employment variable,Filled jobs,Mining,Actual,,
180,BDCQ.SEA1BA,2012.12,5722,,F,Number,0,Business Data Collection - BDC,Industry by employment variable,Filled jobs,Mining,Actual,,
181,BDCQ.SEA1BA,2013.03,5487,,F,Number,0,Business Data Collection - BDC,Industry by employment variable,Filled jobs,Mining,Actual,,
182,BDCQ.SEA1BA,2013.06,5506,,F,Number,0,Business Data Collection - BDC,Industry by employment variable,Filled jobs,Mining,Actual,,
183,BDCQ.SEA1BA,2013.09,5540,,F,Number,0,Business Data Collection - BDC,Industry by employment variable,Filled jobs,Mining,Actual,,
184,BDCQ.SEA1BA,2013.12,5492,,F,Number,0,Business Data Collection - BDC,Industry by employment variable,Filled jobs,Mining,Actual,,
185,BDCQ.SEA1BA,2014.03,6004,,F,Number,0,Business Data Collection - BDC,Industry by employment variable,Filled jobs,Mining,Actual,,
186,BDCQ.SEA1BA,2014.06,5886,,F,Number,0,Business Data Collection - BDC,Industry by employment variable,Filled jobs,Mining,Actual,,
187,BDCQ.SEA1BA,2014.09,5815,,F,Number,0,Business Data Collection - BDC,Industry by employment variable,Filled jobs,Mining,Actual,,
188,BDCQ.SEA1BA,2014.12,5592,,F,Number,0,Business Data Collection - BDC,Industry by employment variable,Filled jobs,Mining,Actual,,
189,BDCQ.SEA1BA,2015.03,5300,,F,Number,0,Business Data Collection - BDC,Industry by employment variable,Filled jobs,Mining,Actual,,
190,BDCQ.SEA1BA,2015.06,5422,,F,Number,0,Business Data Collection - BDC,Industry by employment variable,Filled jobs,Mining,Actual,,
191,BDCQ.SEA1BA,2015.09,5199,,F,Number,0,Business Data Collection - BDC,Industry by employment variable,Filled jobs,Mining,Actual,,
192,BDCQ.SEA1BA,2015.12,5060,,F,Number,0,Business Data Collection - BDC,Industry by employment variable,Filled jobs,Mining,Actual,,
193,BDCQ.SEA1BA,2016.03,5194,,F,Number,0,Business Data Collection - BDC,Industry by employment variable,Filled jobs,Mining,Actual,,
194,BDCQ.SEA1BA,2016.06,5080,,F,Number,0,Business Data Collection - BDC,Industry by employment variable,Filled jobs,Mining,Actual,,
195,BDCQ.SEA1BA,2016.09,5129,,F,Number,0,Business Data Collection - BDC,Industry by employment variable,Filled jobs,Mining,Actual,,
196,BDCQ.SEA1BA,2016.12,5157,,F,Number,0,Business Data Collection - BDC,Industry by employment variable,Filled jobs,Mining,Actual,,
197,BDCQ.SEA1BA,2017.03,5264,,F,Number,0,Business Data Collection - BDC,Industry by employment variable,Filled jobs,Mining,Actual,,
198,BDCQ.SEA1BA,2017.06,5164,,F,Number,0,Business Data Collection - BDC,Industry by employment variable,Filled jobs,Mining,Actual,,
199,BDCQ.SEA1BA,2017.09,5208,,F,Number,0,Business Data Collection - BDC,Industry by employment variable,Filled jobs,Mining,Actual,,
200,BDCQ.SEA1BA,2017.12,5381,,F,Number,0,Business Data Collection - BDC,Industry by employment variable,Filled jobs,Mining,Actual,,
201,BDCQ.SEA1BA,2018.03,5370,,F,Number,0,Business Data Collection - BDC,Industry by employment variable,Filled jobs,Mining,Actual,,
202,BDCQ.SEA1BA,2018.06,5385,,F,Number,0,Business Data Collection - BDC,Industry by employment variable,Filled jobs,Mining,Actual,,
203,BDCQ.SEA1BA,2018.09,5461,,F,Number,0,Business Data Collection - BDC,Industry by employment variable,Filled jobs,Mining,Actual,,
204,BDCQ.SEA1BA,2018.12,5434,,F,Number,0,Business Data Collection - BDC,Industry by employment variable,Filled jobs,Mining,Actual,,
205,BDCQ.SEA1BA,2019.03,5437,,F,Number,0,Business Data Collection - BDC,Industry by employment variable,Filled jobs,Mining,Actual,,
206,BDCQ.SEA1BA,2019.06,5068,,F,Number,0,Business Data Collection - BDC,Industry by employment variable,Filled jobs,Mining,Actual,,
207,BDCQ.SEA1BA,2019.09,5370,,F,Number,0,Business Data Collection - BDC,Industry by employment variable,Filled jobs,Mining,Actual,,
208,BDCQ.SEA1BA,2019.12,5165,,F,Number,0,Business Data Collection - BDC,Industry by employment variable,Filled jobs,Mining,Actual,,
209,BDCQ.SEA1BA,2020.03,5267,,F,Number,0,Business Data Collection - BDC,Industry by employment variable,Filled jobs,Mining,Actual,,
210,BDCQ.SEA1BA,2020.06,5245,,F,Number,0,Business Data Collection - BDC,Industry by employment variable,Filled jobs,Mining,Actual,,
211,BDCQ.SEA1BA,2020.09,5355,,F,Number,0,Business Data Collection - BDC,Industry by employment variable,Filled jobs,Mining,Actual,,
212,BDCQ.SEA1BA,2020.12,5295,,F,Number,0,Business Data Collection - BDC,Industry by employment variable,Filled jobs,Mining,Actual,,
213,BDCQ.SEA1BA,2021.03,5384,,F,Number,0,Business Data Collection - BDC,Industry by employment variable,Filled jobs,Mining,Actual,,
214,BDCQ.SEA1BA,2021.06,5353,,F,Number,0,Business Data Collection - BDC,Industry by employment variable,Filled jobs,Mining,Actual,,
215,BDCQ.SEA1BA,2021.09,5354,,F,Number,0,Business Data Collection - BDC,Industry by employment variable,Filled jobs,Mining,Actual,,
216,BDCQ.SEA1BA,2021.12,5410,,F,Number,0,Business Data Collection - BDC,Industry by employment variable,Filled jobs,Mining,Actual,,
217,BDCQ.SEA1BA,2022.03,5427,,F,Number,0,Business Data Collection - BDC,Industry by employment variable,Filled jobs,Mining,Actual,,
218,BDCQ.SEA1BA,2022.06,5548,,F,Number,0,Business Data Collection - BDC,Industry by employment variable,Filled jobs,Mining,Actual,,
219,BDCQ.SEA1BA,2022.09,5490,,F,Number,0,Business Data Collection - BDC,Industry by employment variable,Filled jobs,Mining,Actual,,
220,BDCQ.SEA1BA,2022.12,5653,,F,Number,0,Business Data Collection - BDC,Industry by employment variable,Filled jobs,Mining,Actual,,
221,BDCQ.SEA1BA,2023.03,5717,,F,Number,0,Business Data Collection - BDC,Industry by employment variable,Filled jobs,Mining,Actual,,
222,BDCQ.SEA1BA,2023.06,5874,,F,Number,0,Business Data Collection - BDC,Industry by employment variable,Filled jobs,Mining,Actual,,
223,BDCQ.SEA1BA,2023.09,5803,,F,Number,0,Business Data Collection - BDC,Industry by employment variable,Filled jobs,Mining,Actual,,
224,BDCQ.SEA1BA,2023.12,5791,,F,Number,0,Business Data Collection - BDC,Industry by employment variable,Filled jobs,Mining,Actual,,
225,BDCQ.SEA1BA,2024.03,5845,,F,Number,0,Business Data Collection - BDC,Industry by employment variable,Filled jobs,Mining,Actual,,
226,BDCQ.SEA1BA,2024.06,5995,,F,Number,0,Business Data Collection - BDC,Industry by employment variable,Filled jobs,Mining,Actual,,
227,BDCQ.SEA1BA,2024.09,5934,,F,Number,0,Business Data Collection - BDC,Industry by employment variable,Filled jobs,Mining,Actual,,
228,BDCQ.SEA1BA,2024.12,5975,,F,Number,0,Business Data Collection - BDC,Industry by employment variable,Filled jobs,Mining,Actual,,
229,BDCQ.SEA1BA,2025.03,6062,,F,Number,0,Business Data Collection - BDC,Industry by employment variable,Filled jobs,Mining,Actual,,
230,BDCQ.SEA1BA,2025.06,6106,,F,Number,0,Business Data Collection - BDC,Industry by employment variable,Filled jobs,Mining,Actual,,
231,BDCQ.SEA1BA,2025.09,6095,,R,Number,0,Business Data Collection - BDC,Industry by employment variable,Filled jobs,Mining,Actual,,
232,BDCQ.SEA1BS,2011.06,5234,,R,Number,0,Business Data Collection - BDC,Industry by employment variable,Filled jobs,Mining,Seasonally adjusted,,
233,BDCQ.SEA1BS,2011.09,5268,,R,Number,0,Business Data Collection - BDC,Industry by employment variable,Filled jobs,Mining,Seasonally adjusted,,
234,BDCQ.SEA1BS,2011.12,5499,,R,Number,0,Business Data Collection - BDC,Industry by employment variable,Filled jobs,Mining,Seasonally adjusted,,
235,BDCQ.SEA1BS,2012.03,5811,,R,Number,0,Business Data Collection - BDC,Industry by employment variable,Filled jobs,Mining,Seasonally adjusted,,
236,BDCQ.SEA1BS,2012.06,5847,,R,Number,0,Business Data Collection - BDC,Industry by employment variable,Filled jobs,Mining,Seasonally adjusted,,
237,BDCQ.SEA1BS,2012.09,5922,,R,Number,0,Business Data Collection - BDC,Industry by employment variable,Filled jobs,Mining,Seasonally adjusted,,
238,BDCQ.SEA1BS,2012.12,5722,,R,Number,0,Business Data Collection - BDC,Industry by employment variable,Filled jobs,Mining,Seasonally adjusted,,
239,BDCQ.SEA1BS,2013.03,5487,,R,Number,0,Business Data Collection - BDC,Industry by employment variable,Filled jobs,Mining,Seasonally adjusted,,
240,BDCQ.SEA1BS,2013.06,5506,,R,Number,0,Business Data Collection - BDC,Industry by employment variable,Filled jobs,Mining,Seasonally adjusted,,
241,BDCQ.SEA1BS,2013.09,5540,,R,Number,0,Business Data Collection - BDC,Industry by employment variable,Filled jobs,Mining,Seasonally adjusted,,
242,BDCQ.SEA1BS,2013.12,5492,,R,Number,0,Business Data Collection - BDC,Industry by employment variable,Filled jobs,Mining,Seasonally adjusted,,
243,BDCQ.SEA1BS,2014.03,6004,,R,Number,0,Business Data Collection - BDC,Industry by employment variable,Filled jobs,Mining,Seasonally adjusted,,
244,BDCQ.SEA1BS,2014.06,5886,,R,Number,0,Business Data Collection - BDC,Industry by employment variable,Filled jobs,Mining,Seasonally adjusted,,
245,BDCQ.SEA1BS,2014.09,5815,,R,Number,0,Business Data Collection - BDC,Industry by employment variable,Filled jobs,Mining,Seasonally adjusted,,
246,BDCQ.SEA1BS,2014.12,5592,,R,Number,0,Business Data Collection - BDC,Industry by employment variable,Filled jobs,Mining,Seasonally adjusted,,
247,BDCQ.SEA1BS,2015.03,5300,,R,Number,0,Business Data Collection - BDC,Industry by employment variable,Filled jobs,Mining,Seasonally adjusted,,
248,BDCQ.SEA1BS,2015.06,5422,,R,Number,0,Business Data Collection - BDC,Industry by employment variable,Filled jobs,Mining,Seasonally adjusted,,
249,BDCQ.SEA1BS,2015.09,5199,,R,Number,0,Business Data Collection - BDC,Industry by employment variable,Filled jobs,Mining,Seasonally adjusted,,
250,BDCQ.SEA1BS,2015.12,5060,,R,Number,0,Business Data Collection - BDC,Industry by employment variable,Filled jobs,Mining,Seasonally adjusted,,
251,BDCQ.SEA1BS,2016.03,5194,,R,Number,0,Business Data Collection - BDC,Industry by employment variable,Filled jobs,Mining,Seasonally adjusted,,
252,BDCQ.SEA1BS,2016.06,5080,,R,Number,0,Business Data Collection - BDC,Industry by employment variable,Filled jobs,Mining,Seasonally adjusted,,
253,BDCQ.SEA1BS,2016.09,5129,,R,Number,0,Business Data Collection - BDC,Industry by employment variable,Filled jobs,Mining,Seasonally adjusted,,
254,BDCQ.SEA1BS,2016.12,5157,,R,Number,0,Business Data Collection - BDC,Industry by employment variable,Filled jobs,Mining,Seasonally adjusted,,
255,BDCQ.SEA1BS,2017.03,5264,,R,Number,0,Business Data Collection - BDC,Industry by employment variable,Filled jobs,Mining,Seasonally adjusted,,
256,BDCQ.SEA1BS,2017.06,5164,,R,Number,0,Business Data Collection - BDC,Industry by employment variable,Filled jobs,Mining,Seasonally adjusted,,
257,BDCQ.SEA1BS,2017.09,5208,,R,Number,0,Business Data Collection - BDC,Industry by employment variable,Filled jobs,Mining,Seasonally adjusted,,
258,BDCQ.SEA1BS,2017.12,5381,,R,Number,0,Business Data Collection - BDC,Industry by employment variable,Filled jobs,Mining,Seasonally adjusted,,
259,BDCQ.SEA1BS,2018.03,5370,,R,Number,0,Business Data Collection - BDC,Industry by employment variable,Filled jobs,Mining,Seasonally adjusted,,
260,BDCQ.SEA1BS,2018.06,5385,,R,Number,0,Business Data Collection - BDC,Industry by employment variable,Filled jobs,Mining,Seasonally adjusted,,
261,BDCQ.SEA1BS,2018.09,5461,,R,Number,0,Business Data Collection - BDC,Industry by employment variable,Filled jobs,Mining,Seasonally adjusted,,
262,BDCQ.SEA1BS,2018.12,5434,,R,Number,0,Business Data Collection - BDC,Industry by employment variable,Filled jobs,Mining,Seasonally adjusted,,
263,BDCQ.SEA1BS,2019.03,5437,,R,Number,0,Business Data Collection - BDC,Industry by employment variable,Filled jobs,Mining,Seasonally adjusted,,
264,BDCQ.SEA1BS,2019.06,5068,,R,Number,0,Business Data Collection - BDC,Industry by employment variable,Filled jobs,Mining,Seasonally adjusted,,
265,BDCQ.SEA1BS,2019.09,5370,,R,Number,0,Business Data Collection - BDC,Industry by employment variable,Filled jobs,Mining,Seasonally adjusted,,
266,BDCQ.SEA1BS,2019.12,5165,,R,Number,0,Business Data Collection - BDC,Industry by employment variable,Filled jobs,Mining,Seasonally adjusted,,
267,BDCQ.SEA1BS,2020.03,5267,,R,Number,0,Business Data Collection - BDC,Industry by employment variable,Filled jobs,Mining,Seasonally adjusted,,
268,BDCQ.SEA1BS,2020.06,5245,,R,Number,0,Business Data Collection - BDC,Industry by employment variable,Filled jobs,Mining,Seasonally adjusted,,
269,BDCQ.SEA1BS,2020.09,5355,,R,Number,0,Business Data Collection - BDC,Industry by employment variable,Filled jobs,Mining,Seasonally adjusted,,
270,BDCQ.SEA1BS,2020.12,5295,,R,Number,0,Business Data Collection - BDC,Industry by employment variable,Filled jobs,Mining,Seasonally adjusted,,
271,BDCQ.SEA1BS,2021.03,5384,,R,Number,0,Business Data Collection - BDC,Industry by employment variable,Filled jobs,Mining,Seasonally adjusted,,
272,BDCQ.SEA1BS,2021.06,5353,,R,Number,0,Business Data Collection - BDC,Industry by employment variable,Filled jobs,Mining,Seasonally adjusted,,
273,BDCQ.SEA1BS,2021.09,5354,,R,Number,0,Business Data Collection - BDC,Industry by employment variable,Filled jobs,Mining,Seasonally adjusted,,
274,BDCQ.SEA1BS,2021.12,5410,,R,Number,0,Business Data Collection - BDC,Industry by employment variable,Filled jobs,Mining,Seasonally adjusted,,
275,BDCQ.SEA1BS,2022.03,5427,,R,Number,0,Business Data Collection - BDC,Industry by employment variable,Filled jobs,Mining,Seasonally adjusted,,
276,BDCQ.SEA1BS,2022.06,5548,,R,Number,0,Business Data Collection - BDC,Industry by employment variable,Filled jobs,Mining,Seasonally adjusted,,
277,BDCQ.SEA1BS,2022.09,5490,,R,Number,0,Business Data Collection - BDC,Industry by employment variable,Filled jobs,Mining,Seasonally adjusted,,
278,BDCQ.SEA1BS,2022.12,5653,,R,Number,0,Business Data Collection - BDC,Industry by employment variable,Filled jobs,Mining,Seasonally adjusted,,
279,BDCQ.SEA1BS,2023.03,5717,,R,Number,0,Business Data Collection - BDC,Industry by employment variable,Filled jobs,Mining,Seasonally adjusted,,
280,BDCQ.SEA1BS,2023.06,5874,,R,Number,0,Business Data Collection - BDC,Industry by employment variable,Filled jobs,Mining,Seasonally adjusted,,
281,BDCQ.SEA1BS,2023.09,5803,,R,Number,0,Business Data Collection - BDC,Industry by employment variable,Filled jobs,Mining,Seasonally adjusted,,
282,BDCQ.SEA1BS,2023.12,5791,,R,Number,0,Business Data Collection - BDC,Industry by employment variable,Filled jobs,Mining,Seasonally adjusted,,
283,BDCQ.SEA1BS,2024.03,5845,,R,Number,0,Business Data Collection - BDC,Industry by employment variable,Filled jobs,Mining,Seasonally adjusted,,
284,BDCQ.SEA1BS,2024.06,5995,,R,Number,0,Business Data Collection - BDC,Industry by employment variable,Filled jobs,Mining,Seasonally adjusted,,
285,BDCQ.SEA1BS,2024.09,5934,,R,Number,0,Business Data Collection - BDC,Industry by employment variable,Filled jobs,Mining,Seasonally adjusted,,
286,BDCQ.SEA1BS,2024.12,5975,,R,Number,0,Business Data Collection - BDC,Industry by employment variable,Filled jobs,Mining,Seasonally adjusted,,
287,BDCQ.SEA1BS,2025.03,6062,,R,Number,0,Business Data Collection - BDC,Industry by employment variable,Filled jobs,Mining,Seasonally adjusted,,
288,BDCQ.SEA1BS,2025.06,6106,,R,Number,0,Business Data Collection - BDC,Industry by employment variable,Filled jobs,Mining,Seasonally adjusted,,
289,BDCQ.SEA1BS,2025.09,6095,,F,Number,0,Business Data Collection - BDC,Industry by employment variable,Filled jobs,Mining,Seasonally adjusted,,
290,BDCQ.SEA1BT,2011.06,5198,,R,Number,0,Business Data Collection - BDC,Industry by employment variable,Filled jobs,Mining,Trend,,
291,BDCQ.SEA1BT,2011.09,5309,,R,Number,0,Business Data Collection - BDC,Industry by employment variable,Filled jobs,Mining,Trend,,
292,BDCQ.SEA1BT,2011.12,5517,,R,Number,0,Business Data Collection - BDC,Industry by employment variable,Filled jobs,Mining,Trend,,
293,BDCQ.SEA1BT,2012.03,5761,,R,Number,0,Business Data Collection - BDC,Industry by employment variable,Filled jobs,Mining,Trend,,
294,BDCQ.SEA1BT,2012.06,5893,,R,Number,0,Business Data Collection - BDC,Industry by employment variable,Filled jobs,Mining,Trend,,
295,BDCQ.SEA1BT,2012.09,5881,,R,Number,0,Business Data Collection - BDC,Industry by employment variable,Filled jobs,Mining,Trend,,
296,BDCQ.SEA1BT,2012.12,5718,,R,Number,0,Business Data Collection - BDC,Industry by employment variable,Filled jobs,Mining,Trend,,
297,BDCQ.SEA1BT,2013.03,5526,,R,Number,0,Business Data Collection - BDC,Industry by employment variable,Filled jobs,Mining,Trend,,
298,BDCQ.SEA1BT,2013.06,5494,,R,Number,0,Business Data Collection - BDC,Industry by employment variable,Filled jobs,Mining,Trend,,
299,BDCQ.SEA1BT,2013.09,5492,,R,Number,0,Business Data Collection - BDC,Industry by employment variable,Filled jobs,Mining,Trend,,
300,BDCQ.SEA1BT,2013.12,5637,,R,Number,0,Business Data Collection - BDC,Industry by employment variable,Filled jobs,Mining,Trend,,
301,BDCQ.SEA1BT,2014.03,5873,,R,Number,0,Business Data Collection - BDC,Industry by employment variable,Filled jobs,Mining,Trend,,
302,BDCQ.SEA1BT,2014.06,5949,,R,Number,0,Business Data Collection - BDC,Industry by employment variable,Filled jobs,Mining,Trend,,
303,BDCQ.SEA1BT,2014.09,5790,,R,Number,0,Business Data Collection - BDC,Industry by employment variable,Filled jobs,Mining,Trend,,
304,BDCQ.SEA1BT,2014.12,5580,,R,Number,0,Business Data Collection - BDC,Industry by employment variable,Filled jobs,Mining,Trend,,
305,BDCQ.SEA1BT,2015.03,5425,,R,Number,0,Business Data Collection - BDC,Industry by employment variable,Filled jobs,Mining,Trend,,
306,BDCQ.SEA1BT,2015.06,5352,,R,Number,0,Business Data Collection - BDC,Industry by employment variable,Filled jobs,Mining,Trend,,
307,BDCQ.SEA1BT,2015.09,5212,,R,Number,0,Business Data Collection - BDC,Industry by employment variable,Filled jobs,Mining,Trend,,
308,BDCQ.SEA1BT,2015.12,5112,,R,Number,0,Business Data Collection - BDC,Industry by employment variable,Filled jobs,Mining,Trend,,
309,BDCQ.SEA1BT,2016.03,5126,,R,Number,0,Business Data Collection - BDC,Industry by employment variable,Filled jobs,Mining,Trend,,
310,BDCQ.SEA1BT,2016.06,5124,,R,Number,0,Business Data Collection - BDC,Industry by employment variable,Filled jobs,Mining,Trend,,
311,BDCQ.SEA1BT,2016.09,5108,,R,Number,0,Business Data Collection - BDC,Industry by employment variable,Filled jobs,Mining,Trend,,
312,BDCQ.SEA1BT,2016.12,5185,,R,Number,0,Business Data Collection - BDC,Industry by employment variable,Filled jobs,Mining,Trend,,
313,BDCQ.SEA1BT,2017.03,5217,,R,Number,0,Business Data Collection - BDC,Industry by employment variable,Filled jobs,Mining,Trend,,
314,BDCQ.SEA1BT,2017.06,5191,,R,Number,0,Business Data Collection - BDC,Industry by employment variable,Filled jobs,Mining,Trend,,
315,BDCQ.SEA1BT,2017.09,5230,,R,Number,0,Business Data Collection - BDC,Industry by employment variable,Filled jobs,Mining,Trend,,
316,BDCQ.SEA1BT,2017.12,5343,,R,Number,0,Business Data Collection - BDC,Industry by employment variable,Filled jobs,Mining,Trend,,
317,BDCQ.SEA1BT,2018.03,5383,,R,Number,0,Business Data Collection - BDC,Industry by employment variable,Filled jobs,Mining,Trend,,
318,BDCQ.SEA1BT,2018.06,5400,,R,Number,0,Business Data Collection - BDC,Industry by employment variable,Filled jobs,Mining,Trend,,
319,BDCQ.SEA1BT,2018.09,5439,,R,Number,0,Business Data Collection - BDC,Industry by employment variable,Filled jobs,Mining,Trend,,
320,BDCQ.SEA1BT,2018.12,5461,,R,Number,0,Business Data Collection - BDC,Industry by employment variable,Filled jobs,Mining,Trend,,
321,BDCQ.SEA1BT,2019.03,5391,,R,Number,0,Business Data Collection - BDC,Industry by employment variable,Filled jobs,Mining,Trend,,
322,BDCQ.SEA1BT,2019.06,5282,,R,Number,0,Business Data Collection - BDC,Industry by employment variable,Filled jobs,Mining,Trend,,
323,BDCQ.SEA1BT,2019.09,5191,,R,Number,0,Business Data Collection - BDC,Industry by employment variable,Filled jobs,Mining,Trend,,
324,BDCQ.SEA1BT,2019.12,5201,,R,Number,0,Business Data Collection - BDC,Industry by employment variable,Filled jobs,Mining,Trend,,
325,BDCQ.SEA1BT,2020.03,5228,,R,Number,0,Business Data Collection - BDC,Industry by employment variable,Filled jobs,Mining,Trend,,
326,BDCQ.SEA1BT,2020.06,5286,,R,Number,0,Business Data Collection - BDC,Industry by employment variable,Filled jobs,Mining,Trend,,
327,BDCQ.SEA1BT,2020.09,5309,,R,Number,0,Business Data Collection - BDC,Industry by employment variable,Filled jobs,Mining,Trend,,
328,BDCQ.SEA1BT,2020.12,5338,,R,Number,0,Business Data Collection - BDC,Industry by employment variable,Filled jobs,Mining,Trend,,
329,BDCQ.SEA1BT,2021.03,5353,,R,Number,0,Business Data Collection - BDC,Industry by employment variable,Filled jobs,Mining,Trend,,
330,BDCQ.SEA1BT,2021.06,5363,,R,Number,0,Business Data Collection - BDC,Industry by employment variable,Filled jobs,Mining,Trend,,
331,BDCQ.SEA1BT,2021.09,5363,,R,Number,0,Business Data Collection - BDC,Industry by employment variable,Filled jobs,Mining,Trend,,
332,BDCQ.SEA1BT,2021.12,5393,,R,Number,0,Business Data Collection - BDC,Industry by employment variable,Filled jobs,Mining,Trend,,
333,BDCQ.SEA1BT,2022.03,5458,,R,Number,0,Business Data Collection - BDC,Industry by employment variable,Filled jobs,Mining,Trend,,
334,BDCQ.SEA1BT,2022.06,5501,,R,Number,0,Business Data Collection - BDC,Industry by employment variable,Filled jobs,Mining,Trend,,
335,BDCQ.SEA1BT,2022.09,5549,,R,Number,0,Business Data Collection - BDC,Industry by employment variable,Filled jobs,Mining,Trend,,
336,BDCQ.SEA1BT,2022.12,5619,,R,Number,0,Business Data Collection - BDC,Industry by employment variable,Filled jobs,Mining,Trend,,
337,BDCQ.SEA1BT,2023.03,5754,,R,Number,0,Business Data Collection - BDC,Industry by employment variable,Filled jobs,Mining,Trend,,
338,BDCQ.SEA1BT,2023.06,5830,,R,Number,0,Business Data Collection - BDC,Industry by employment variable,Filled jobs,Mining,Trend,,
339,BDCQ.SEA1BT,2023.09,5824,,R,Number,0,Business Data Collection - BDC,Industry by employment variable,Filled jobs,Mining,Trend,,
340,BDCQ.SEA1BT,2023.12,5789,,R,Number,0,Business Data Collection - BDC,Industry by employment variable,Filled jobs,Mining,Trend,,
341,BDCQ.SEA1BT,2024.03,5870,,R,Number,0,Business Data Collection - BDC,Industry by employment variable,Filled jobs,Mining,Trend,,
342,BDCQ.SEA1BT,2024.06,5950,,R,Number,0,Business Data Collection - BDC,Industry by employment variable,Filled jobs,Mining,Trend,,
343,BDCQ.SEA1BT,2024.09,5961,,R,Number,0,Business Data Collection - BDC,Industry by employment variable,Filled jobs,Mining,Trend,,
344,BDCQ.SEA1BT,2024.12,5977,,R,Number,0,Business Data Collection - BDC,Industry by employment variable,Filled jobs,Mining,Trend,,
345,BDCQ.SEA1BT,2025.03,6056,,R,Number,0,Business Data Collection - BDC,Industry by employment variable,Filled jobs,Mining,Trend,,
346,BDCQ.SEA1BT,2025.06,6101,,R,Number,0,Business Data Collection - BDC,Industry by employment variable,Filled jobs,Mining,Trend,,
347,BDCQ.SEA1BT,2025.09,6092,,F,Number,0,Business Data Collection - BDC,Industry by employment variable,Filled jobs,Mining,Trend,,
348,BDCQ.SEA1CA,2011.06,206633,,F,Number,0,Business Data Collection - BDC,Industry by employment variable,Filled jobs,Manufacturing,Actual,,
349,BDCQ.SEA1CA,2011.09,200677,,F,Number,0,Business Data Collection - BDC,Industry by employment variable,Filled jobs,Manufacturing,Actual,,
350,BDCQ.SEA1CA,2011.12,204217,,F,Number,0,Business Data Collection - BDC,Industry by employment variable,Filled jobs,Manufacturing,Actual,,
351,BDCQ.SEA1CA,2012.03,208617,,F,Number,0,Business Data Collection - BDC,Industry by employment variable,Filled jobs,Manufacturing,Actual,,
352,BDCQ.SEA1CA,2012.06,206645,,F,Number,0,Business Data Collection - BDC,Industry by employment variable,Filled jobs,Manufacturing,Actual,,
353,BDCQ.SEA1CA,2012.09,199425,,F,Number,0,Business Data Collection - BDC,Industry by employment variable,Filled jobs,Manufacturing,Actual,,
354,BDCQ.SEA1CA,2012.12,203691,,F,Number,0,Business Data Collection - BDC,Industry by employment variable,Filled jobs,Manufacturing,Actual,,
355,BDCQ.SEA1CA,2013.03,208709,,F,Number,0,Business Data Collection - BDC,Industry by employment variable,Filled jobs,Manufacturing,Actual,,
356,BDCQ.SEA1CA,2013.06,205207,,F,Number,0,Business Data Collection - BDC,Industry by employment variable,Filled jobs,Manufacturing,Actual,,
357,BDCQ.SEA1CA,2013.09,201457,,F,Number,0,Business Data Collection - BDC,Industry by employment variable,Filled jobs,Manufacturing,Actual,,
358,BDCQ.SEA1CA,2013.12,207492,,F,Number,0,Business Data Collection - BDC,Industry by employment variable,Filled jobs,Manufacturing,Actual,,
359,BDCQ.SEA1CA,2014.03,211991,,F,Number,0,Business Data Collection - BDC,Industry by employment variable,Filled jobs,Manufacturing,Actual,,
360,BDCQ.SEA1CA,2014.06,210124,,F,Number,0,Business Data Collection - BDC,Industry by employment variable,Filled jobs,Manufacturing,Actual,,
361,BDCQ.SEA1CA,2014.09,205440,,F,Number,0,Business Data Collection - BDC,Industry by employment variable,Filled jobs,Manufacturing,Actual,,
362,BDCQ.SEA1CA,2014.12,207594,,F,Number,0,Business Data Collection - BDC,Industry by employment variable,Filled jobs,Manufacturing,Actual,,
363,BDCQ.SEA1CA,2015.03,214158,,F,Number,0,Business Data Collection - BDC,Industry by employment variable,Filled jobs,Manufacturing,Actual,,
364,BDCQ.SEA1CA,2015.06,212246,,F,Number,0,Business Data Collection - BDC,Industry by employment variable,Filled jobs,Manufacturing,Actual,,
365,BDCQ.SEA1CA,2015.09,207462,,F,Number,0,Business Data Collection - BDC,Industry by employment variable,Filled jobs,Manufacturing,Actual,,
366,BDCQ.SEA1CA,2015.12,211402,,F,Number,0,Business Data Collection - BDC,Industry by employment variable,Filled jobs,Manufacturing,Actual,,
367,BDCQ.SEA1CA,2016.03,216597,,F,Number,0,Business Data Collection - BDC,Industry by employment variable,Filled jobs,Manufacturing,Actual,,
368,BDCQ.SEA1CA,2016.06,214710,,F,Number,0,Business Data Collection - BDC,Industry by employment variable,Filled jobs,Manufacturing,Actual,,
369,BDCQ.SEA1CA,2016.09,209854,,F,Number,0,Business Data Collection - BDC,Industry by employment variable,Filled jobs,Manufacturing,Actual,,
370,BDCQ.SEA1CA,2016.12,215317,,F,Number,0,Business Data Collection - BDC,Industry by employment variable,Filled jobs,Manufacturing,Actual,,
371,BDCQ.SEA1CA,2017.03,219090,,F,Number,0,Business Data Collection - BDC,Industry by employment variable,Filled jobs,Manufacturing,Actual,,
372,BDCQ.SEA1CA,2017.06,219130,,F,Number,0,Business Data Collection - BDC,Industry by employment variable,Filled jobs,Manufacturing,Actual,,
373,BDCQ.SEA1CA,2017.09,213648,,F,Number,0,Business Data Collection - BDC,Industry by employment variable,Filled jobs,Manufacturing,Actual,,
374,BDCQ.SEA1CA,2017.12,220066,,F,Number,0,Business Data Collection - BDC,Industry by employment variable,Filled jobs,Manufacturing,Actual,,
375,BDCQ.SEA1CA,2018.03,225445,,F,Number,0,Business Data Collection - BDC,Industry by employment variable,Filled jobs,Manufacturing,Actual,,
376,BDCQ.SEA1CA,2018.06,224308,,F,Number,0,Business Data Collection - BDC,Industry by employment variable,Filled jobs,Manufacturing,Actual,,
377,BDCQ.SEA1CA,2018.09,218059,,F,Number,0,Business Data Collection - BDC,Industry by employment variable,Filled jobs,Manufacturing,Actual,,
378,BDCQ.SEA1CA,2018.12,223667,,F,Number,0,Business Data Collection - BDC,Industry by employment variable,Filled jobs,Manufacturing,Actual,,
379,BDCQ.SEA1CA,2019.03,227931,,F,Number,0,Business Data Collection - BDC,Industry by employment variable,Filled jobs,Manufacturing,Actual,,
380,BDCQ.SEA1CA,2019.06,225492,,F,Number,0,Business Data Collection - BDC,Industry by employment variable,Filled jobs,Manufacturing,Actual,,
381,BDCQ.SEA1CA,2019.09,219991,,F,Number,0,Business Data Collection - BDC,Industry by employment variable,Filled jobs,Manufacturing,Actual,,
382,BDCQ.SEA1CA,2019.12,227095,,F,Number,0,Business Data Collection - BDC,Industry by employment variable,Filled jobs,Manufacturing,Actual,,
383,BDCQ.SEA1CA,2020.03,228672,,F,Number,0,Business Data Collection - BDC,Industry by employment variable,Filled jobs,Manufacturing,Actual,,
384,BDCQ.SEA1CA,2020.06,224825,,F,Number,0,Business Data Collection - BDC,Industry by employment variable,Filled jobs,Manufacturing,Actual,,
385,BDCQ.SEA1CA,2020.09,218967,,F,Number,0,Business Data Collection - BDC,Industry by employment variable,Filled jobs,Manufacturing,Actual,,
386,BDCQ.SEA1CA,2020.12,222691,,F,Number,0,Business Data Collection - BDC,Industry by employment variable,Filled jobs,Manufacturing,Actual,,
387,BDCQ.SEA1CA,2021.03,223355,,F,Number,0,Business Data Collection - BDC,Industry by employment variable,Filled jobs,Manufacturing,Actual,,
388,BDCQ.SEA1CA,2021.06,224296,,F,Number,0,Business Data Collection - BDC,Industry by employment variable,Filled jobs,Manufacturing,Actual,,
389,BDCQ.SEA1CA,2021.09,221282,,F,Number,0,Business Data Collection - BDC,Industry by employment variable,Filled jobs,Manufacturing,Actual,,
390,BDCQ.SEA1CA,2021.12,226109,,F,Number,0,Business Data Collection - BDC,Industry by employment variable,Filled jobs,Manufacturing,Actual,,
391,BDCQ.SEA1CA,2022.03,228608,,F,Number,0,Business Data Collection - BDC,Industry by employment variable,Filled jobs,Manufacturing,Actual,,
392,BDCQ.SEA1CA,2022.06,226870,,F,Number,0,Business Data Collection - BDC,Industry by employment variable,Filled jobs,Manufacturing,Actual,,
393,BDCQ.SEA1CA,2022.09,224994,,F,Number,0,Business Data Collection - BDC,Industry by employment variable,Filled jobs,Manufacturing,Actual,,
394,BDCQ.SEA1CA,2022.12,229708,,F,Number,0,Business Data Collection - BDC,Industry by employment variable,Filled jobs,Manufacturing,Actual,,
395,BDCQ.SEA1CA,2023.03,232496,,F,Number,0,Business Data Collection - BDC,Industry by employment variable,Filled jobs,Manufacturing,Actual,,
396,BDCQ.SEA1CA,2023.06,232854,,F,Number,0,Business Data Collection - BDC,Industry by employment variable,Filled jobs,Manufacturing,Actual,,
397,BDCQ.SEA1CA,2023.09,228332,,F,Number,0,Business Data Collection - BDC,Industry by employment variable,Filled jobs,Manufacturing,Actual,,
398,BDCQ.SEA1CA,2023.12,230027,,F,Number,0,Business Data Collection - BDC,Industry by employment variable,Filled jobs,Manufacturing,Actual,,
399,BDCQ.SEA1CA,2024.03,230122,,F,Number,0,Business Data Collection - BDC,Industry by employment variable,Filled jobs,Manufacturing,Actual,,
400,BDCQ.SEA1CA,2024.06,228544,,F,Number,0,Business Data Collection - BDC,Industry by employment variable,Filled jobs,Manufacturing,Actual,,
401,BDCQ.SEA1CA,2024.09,221901,,F,Number,0,Business Data Collection - BDC,Industry by employment variable,Filled jobs,Manufacturing,Actual,,
402,BDCQ.SEA1CA,2024.12,223554,,F,Number,0,Business Data Collection - BDC,Industry by employment variable,Filled jobs,Manufacturing,Actual,,
403,BDCQ.SEA1CA,2025.03,223911,,F,Number,0,Business Data Collection - BDC,Industry by employment variable,Filled jobs,Manufacturing,Actual,,
404,BDCQ.SEA1CA,2025.06,222420,,F,Number,0,Business Data Collection - BDC,Industry by employment variable,Filled jobs,Manufacturing,Actual,,
405,BDCQ.SEA1CA,2025.09,216393,,R,Number,0,Business Data Collection - BDC,Industry by employment variable,Filled jobs,Manufacturing,Actual,,
406,BDCQ.SEA1CS,2011.06,205546,,R,Number,0,Business Data Collection - BDC,Industry by employment variable,Filled jobs,Manufacturing,Seasonally adjusted,,
407,BDCQ.SEA1CS,2011.09,205226,,R,Number,0,Business Data Collection - BDC,Industry by employment variable,Filled jobs,Manufacturing,Seasonally adjusted,,
408,BDCQ.SEA1CS,2011.12,204628,,R,Number,0,Business Data Collection - BDC,Industry by employment variable,Filled jobs,Manufacturing,Seasonally adjusted,,
409,BDCQ.SEA1CS,2012.03,204756,,R,Number,0,Business Data Collection - BDC,Industry by employment variable,Filled jobs,Manufacturing,Seasonally adjusted,,
410,BDCQ.SEA1CS,2012.06,205574,,R,Number,0,Business Data Collection - BDC,Industry by employment variable,Filled jobs,Manufacturing,Seasonally adjusted,,
411,BDCQ.SEA1CS,2012.09,203885,,R,Number,0,Business Data Collection - BDC,Industry by employment variable,Filled jobs,Manufacturing,Seasonally adjusted,,
412,BDCQ.SEA1CS,2012.12,204141,,R,Number,0,Business Data Collection - BDC,Industry by employment variable,Filled jobs,Manufacturing,Seasonally adjusted,,
413,BDCQ.SEA1CS,2013.03,204864,,R,Number,0,Business Data Collection - BDC,Industry by employment variable,Filled jobs,Manufacturing,Seasonally adjusted,,
414,BDCQ.SEA1CS,2013.06,204151,,R,Number,0,Business Data Collection - BDC,Industry by employment variable,Filled jobs,Manufacturing,Seasonally adjusted,,
415,BDCQ.SEA1CS,2013.09,205897,,R,Number,0,Business Data Collection - BDC,Industry by employment variable,Filled jobs,Manufacturing,Seasonally adjusted,,
416,BDCQ.SEA1CS,2013.12,207953,,R,Number,0,Business Data Collection - BDC,Industry by employment variable,Filled jobs,Manufacturing,Seasonally adjusted,,
417,BDCQ.SEA1CS,2014.03,208158,,R,Number,0,Business Data Collection - BDC,Industry by employment variable,Filled jobs,Manufacturing,Seasonally adjusted,,
418,BDCQ.SEA1CS,2014.06,209034,,R,Number,0,Business Data Collection - BDC,Industry by employment variable,Filled jobs,Manufacturing,Seasonally adjusted,,
419,BDCQ.SEA1CS,2014.09,209916,,R,Number,0,Business Data Collection - BDC,Industry by employment variable,Filled jobs,Manufacturing,Seasonally adjusted,,
420,BDCQ.SEA1CS,2014.12,208006,,R,Number,0,Business Data Collection - BDC,Industry by employment variable,Filled jobs,Manufacturing,Seasonally adjusted,,
421,BDCQ.SEA1CS,2015.03,210421,,R,Number,0,Business Data Collection - BDC,Industry by employment variable,Filled jobs,Manufacturing,Seasonally adjusted,,
422,BDCQ.SEA1CS,2015.06,211082,,R,Number,0,Business Data Collection - BDC,Industry by employment variable,Filled jobs,Manufacturing,Seasonally adjusted,,
423,BDCQ.SEA1CS,2015.09,211979,,R,Number,0,Business Data Collection - BDC,Industry by employment variable,Filled jobs,Manufacturing,Seasonally adjusted,,
424,BDCQ.SEA1CS,2015.12,211741,,R,Number,0,Business Data Collection - BDC,Industry by employment variable,Filled jobs,Manufacturing,Seasonally adjusted,,
425,BDCQ.SEA1CS,2016.03,212944,,R,Number,0,Business Data Collection - BDC,Industry by employment variable,Filled jobs,Manufacturing,Seasonally adjusted,,
426,BDCQ.SEA1CS,2016.06,213484,,R,Number,0,Business Data Collection - BDC,Industry by employment variable,Filled jobs,Manufacturing,Seasonally adjusted,,
427,BDCQ.SEA1CS,2016.09,214478,,R,Number,0,Business Data Collection - BDC,Industry by employment variable,Filled jobs,Manufacturing,Seasonally adjusted,,
428,BDCQ.SEA1CS,2016.12,215490,,R,Number,0,Business Data Collection - BDC,Industry by employment variable,Filled jobs,Manufacturing,Seasonally adjusted,,
429,BDCQ.SEA1CS,2017.03,215540,,R,Number,0,Business Data Collection - BDC,Industry by employment variable,Filled jobs,Manufacturing,Seasonally adjusted,,
430,BDCQ.SEA1CS,2017.06,217882,,R,Number,0,Business Data Collection - BDC,Industry by employment variable,Filled jobs,Manufacturing,Seasonally adjusted,,
431,BDCQ.SEA1CS,2017.09,218401,,R,Number,0,Business Data Collection - BDC,Industry by employment variable,Filled jobs,Manufacturing,Seasonally adjusted,,
432,BDCQ.SEA1CS,2017.12,219976,,R,Number,0,Business Data Collection - BDC,Industry by employment variable,Filled jobs,Manufacturing,Seasonally adjusted,,
433,BDCQ.SEA1CS,2018.03,222018,,R,Number,0,Business Data Collection - BDC,Industry by employment variable,Filled jobs,Manufacturing,Seasonally adjusted,,
434,BDCQ.SEA1CS,2018.06,223098,,R,Number,0,Business Data Collection - BDC,Industry by employment variable,Filled jobs,Manufacturing,Seasonally adjusted,,
435,BDCQ.SEA1CS,2018.09,222846,,R,Number,0,Business Data Collection - BDC,Industry by employment variable,Filled jobs,Manufacturing,Seasonally adjusted,,
436,BDCQ.SEA1CS,2018.12,223295,,R,Number,0,Business Data Collection - BDC,Industry by employment variable,Filled jobs,Manufacturing,Seasonally adjusted,,
437,BDCQ.SEA1CS,2019.03,224753,,R,Number,0,Business Data Collection - BDC,Industry by employment variable,Filled jobs,Manufacturing,Seasonally adjusted,,
438,BDCQ.SEA1CS,2019.06,224424,,R,Number,0,Business Data Collection - BDC,Industry by employment variable,Filled jobs,Manufacturing,Seasonally adjusted,,
439,BDCQ.SEA1CS,2019.09,224542,,R,Number,0,Business Data Collection - BDC,Industry by employment variable,Filled jobs,Manufacturing,Seasonally adjusted,,
440,BDCQ.SEA1CS,2019.12,226550,,R,Number,0,Business Data Collection - BDC,Industry by employment variable,Filled jobs,Manufacturing,Seasonally adjusted,,
441,BDCQ.SEA1CS,2020.03,225832,,R,Number,0,Business Data Collection - BDC,Industry by employment variable,Filled jobs,Manufacturing,Seasonally adjusted,,
442,BDCQ.SEA1CS,2020.06,223876,,R,Number,0,Business Data Collection - BDC,Industry by employment variable,Filled jobs,Manufacturing,Seasonally adjusted,,
443,BDCQ.SEA1CS,2020.09,223094,,R,Number,0,Business Data Collection - BDC,Industry by employment variable,Filled jobs,Manufacturing,Seasonally adjusted,,
444,BDCQ.SEA1CS,2020.12,222124,,R,Number,0,Business Data Collection - BDC,Industry by employment variable,Filled jobs,Manufacturing,Seasonally adjusted,,
445,BDCQ.SEA1CS,2021.03,220918,,R,Number,0,Business Data Collection - BDC,Industry by employment variable,Filled jobs,Manufacturing,Seasonally adjusted,,
446,BDCQ.SEA1CS,2021.06,223407,,R,Number,0,Business Data Collection - BDC,Industry by employment variable,Filled jobs,Manufacturing,Seasonally adjusted,,
447,BDCQ.SEA1CS,2021.09,225011,,R,Number,0,Business Data Collection - BDC,Industry by employment variable,Filled jobs,Manufacturing,Seasonally adjusted,,
448,BDCQ.SEA1CS,2021.12,225606,,R,Number,0,Business Data Collection - BDC,Industry by employment variable,Filled jobs,Manufacturing,Seasonally adjusted,,
449,BDCQ.SEA1CS,2022.03,226487,,R,Number,0,Business Data Collection - BDC,Industry by employment variable,Filled jobs,Manufacturing,Seasonally adjusted,,
450,BDCQ.SEA1CS,2022.06,225856,,R,Number,0,Business Data Collection - BDC,Industry by employment variable,Filled jobs,Manufacturing,Seasonally adjusted,,
451,BDCQ.SEA1CS,2022.09,228447,,R,Number,0,Business Data Collection - BDC,Industry by employment variable,Filled jobs,Manufacturing,Seasonally adjusted,,
452,BDCQ.SEA1CS,2022.12,229364,,R,Number,0,Business Data Collection - BDC,Industry by employment variable,Filled jobs,Manufacturing,Seasonally adjusted,,
453,BDCQ.SEA1CS,2023.03,230581,,R,Number,0,Business Data Collection - BDC,Industry by employment variable,Filled jobs,Manufacturing,Seasonally adjusted,,
454,BDCQ.SEA1CS,2023.06,231653,,R,Number,0,Business Data Collection - BDC,Industry by employment variable,Filled jobs,Manufacturing,Seasonally adjusted,,
455,BDCQ.SEA1CS,2023.09,231631,,R,Number,0,Business Data Collection - BDC,Industry by employment variable,Filled jobs,Manufacturing,Seasonally adjusted,,
456,BDCQ.SEA1CS,2023.12,229863,,R,Number,0,Business Data Collection - BDC,Industry by employment variable,Filled jobs,Manufacturing,Seasonally adjusted,,
457,BDCQ.SEA1CS,2024.03,228353,,R,Number,0,Business Data Collection - BDC,Industry by employment variable,Filled jobs,Manufacturing,Seasonally adjusted,,
458,BDCQ.SEA1CS,2024.06,227194,,R,Number,0,Business Data Collection - BDC,Industry by employment variable,Filled jobs,Manufacturing,Seasonally adjusted,,
459,BDCQ.SEA1CS,2024.09,225056,,R,Number,0,Business Data Collection - BDC,Industry by employment variable,Filled jobs,Manufacturing,Seasonally adjusted,,
460,BDCQ.SEA1CS,2024.12,223508,,R,Number,0,Business Data Collection - BDC,Industry by employment variable,Filled jobs,Manufacturing,Seasonally adjusted,,
461,BDCQ.SEA1CS,2025.03,222229,,R,Number,0,Business Data Collection - BDC,Industry by employment variable,Filled jobs,Manufacturing,Seasonally adjusted,,
462,BDCQ.SEA1CS,2025.06,221000,,R,Number,0,Business Data Collection - BDC,Industry by employment variable,Filled jobs,Manufacturing,Seasonally adjusted,,
463,BDCQ.SEA1CS,2025.09,219482,,F,Number,0,Business Data Collection - BDC,Industry by employment variable,Filled jobs,Manufacturing,Seasonally adjusted,,
464,BDCQ.SEA1CT,2011.06,205597,,R,Number,0,Business Data Collection - BDC,Industry by employment variable,Filled jobs,Manufacturing,Trend,,
465,BDCQ.SEA1CT,2011.09,205138,,R,Number,0,Business Data Collection - BDC,Industry by employment variable,Filled jobs,Manufacturing,Trend,,
466,BDCQ.SEA1CT,2011.12,204706,,R,Number,0,Business Data Collection - BDC,Industry by employment variable,Filled jobs,Manufacturing,Trend,,
467,BDCQ.SEA1CT,2012.03,204980,,R,Number,0,Business Data Collection - BDC,Industry by employment variable,Filled jobs,Manufacturing,Trend,,
468,BDCQ.SEA1CT,2012.06,205002,,R,Number,0,Business Data Collection - BDC,Industry by employment variable,Filled jobs,Manufacturing,Trend,,
469,BDCQ.SEA1CT,2012.09,204320,,R,Number,0,Business Data Collection - BDC,Industry by employment variable,Filled jobs,Manufacturing,Trend,,
470,BDCQ.SEA1CT,2012.12,204177,,R,Number,0,Business Data Collection - BDC,Industry by employment variable,Filled jobs,Manufacturing,Trend,,
471,BDCQ.SEA1CT,2013.03,204437,,R,Number,0,Business Data Collection - BDC,Industry by employment variable,Filled jobs,Manufacturing,Trend,,
472,BDCQ.SEA1CT,2013.06,204595,,R,Number,0,Business Data Collection - BDC,Industry by employment variable,Filled jobs,Manufacturing,Trend,,
473,BDCQ.SEA1CT,2013.09,205898,,R,Number,0,Business Data Collection - BDC,Industry by employment variable,Filled jobs,Manufacturing,Trend,,
474,BDCQ.SEA1CT,2013.12,207609,,R,Number,0,Business Data Collection - BDC,Industry by employment variable,Filled jobs,Manufacturing,Trend,,
475,BDCQ.SEA1CT,2014.03,208392,,R,Number,0,Business Data Collection - BDC,Industry by employment variable,Filled jobs,Manufacturing,Trend,,
476,BDCQ.SEA1CT,2014.06,209098,,R,Number,0,Business Data Collection - BDC,Industry by employment variable,Filled jobs,Manufacturing,Trend,,
477,BDCQ.SEA1CT,2014.09,209557,,R,Number,0,Business Data Collection - BDC,Industry by employment variable,Filled jobs,Manufacturing,Trend,,
478,BDCQ.SEA1CT,2014.12,209678,,R,Number,0,Business Data Collection - BDC,Industry by employment variable,Filled jobs,Manufacturing,Trend,,
479,BDCQ.SEA1CT,2015.03,210198,,R,Number,0,Business Data Collection - BDC,Industry by employment variable,Filled jobs,Manufacturing,Trend,,
480,BDCQ.SEA1CT,2015.06,211236,,R,Number,0,Business Data Collection - BDC,Industry by employment variable,Filled jobs,Manufacturing,Trend,,
481,BDCQ.SEA1CT,2015.09,211689,,R,Number,0,Business Data Collection - BDC,Industry by employment variable,Filled jobs,Manufacturing,Trend,,
482,BDCQ.SEA1CT,2015.12,212085,,R,Number,0,Business Data Collection - BDC,Industry by employment variable,Filled jobs,Manufacturing,Trend,,
483,BDCQ.SEA1CT,2016.03,212708,,R,Number,0,Business Data Collection - BDC,Industry by employment variable,Filled jobs,Manufacturing,Trend,,
484,BDCQ.SEA1CT,2016.06,213598,,R,Number,0,Business Data Collection - BDC,Industry by employment variable,Filled jobs,Manufacturing,Trend,,
485,BDCQ.SEA1CT,2016.09,214518,,R,Number,0,Business Data Collection - BDC,Industry by employment variable,Filled jobs,Manufacturing,Trend,,
486,BDCQ.SEA1CT,2016.12,215179,,R,Number,0,Business Data Collection - BDC,Industry by employment variable,Filled jobs,Manufacturing,Trend,,
487,BDCQ.SEA1CT,2017.03,216081,,R,Number,0,Business Data Collection - BDC,Industry by employment variable,Filled jobs,Manufacturing,Trend,,
488,BDCQ.SEA1CT,2017.06,217369,,R,Number,0,Business Data Collection - BDC,Industry by employment variable,Filled jobs,Manufacturing,Trend,,
489,BDCQ.SEA1CT,2017.09,218656,,R,Number,0,Business Data Collection - BDC,Industry by employment variable,Filled jobs,Manufacturing,Trend,,
490,BDCQ.SEA1CT,2017.12,220038,,R,Number,0,Business Data Collection - BDC,Industry by employment variable,Filled jobs,Manufacturing,Trend,,
491,BDCQ.SEA1CT,2018.03,221940,,R,Number,0,Business Data Collection - BDC,Industry by employment variable,Filled jobs,Manufacturing,Trend,,
492,BDCQ.SEA1CT,2018.06,222921,,R,Number,0,Business Data Collection - BDC,Industry by employment variable,Filled jobs,Manufacturing,Trend,,
493,BDCQ.SEA1CT,2018.09,222973,,R,Number,0,Business Data Collection - BDC,Industry by employment variable,Filled jobs,Manufacturing,Trend,,
494,BDCQ.SEA1CT,2018.12,223523,,R,Number,0,Business Data Collection - BDC,Industry by employment variable,Filled jobs,Manufacturing,Trend,,
495,BDCQ.SEA1CT,2019.03,224383,,R,Number,0,Business Data Collection - BDC,Industry by employment variable,Filled jobs,Manufacturing,Trend,,
496,BDCQ.SEA1CT,2019.06,224482,,R,Number,0,Business Data Collection - BDC,Industry by employment variable,Filled jobs,Manufacturing,Trend,,
497,BDCQ.SEA1CT,2019.09,224987,,R,Number,0,Business Data Collection - BDC,Industry by employment variable,Filled jobs,Manufacturing,Trend,,
498,BDCQ.SEA1CT,2019.12,226101,,R,Number,0,Business Data Collection - BDC,Industry by employment variable,Filled jobs,Manufacturing,Trend,,
499,BDCQ.SEA1CT,2020.03,225764,,R,Number,0,Business Data Collection - BDC,Industry by employment variable,Filled jobs,Manufacturing,Trend,,
500,BDCQ.SEA1CT,2020.06,224153,,R,Number,0,Business Data Collection - BDC,Industry by employment variable,Filled jobs,Manufacturing,Trend,,
501,BDCQ.SEA1CT,2020.09,222988,,R,Number,0,Business Data Collection - BDC,Industry by employment variable,Filled jobs,Manufacturing,Trend,,
502,BDCQ.SEA1CT,2020.12,221871,,R,Number,0,Business Data Collection - BDC,Industry by employment variable,Filled jobs,Manufacturing,Trend,,
503,BDCQ.SEA1CT,2021.03,221617,,R,Number,0,Business Data Collection - BDC,Industry by employment variable,Filled jobs,Manufacturing,Trend,,
504,BDCQ.SEA1CT,2021.06,223119,,R,Number,0,Business Data Collection - BDC,Industry by employment variable,Filled jobs,Manufacturing,Trend,,
505,BDCQ.SEA1CT,2021.09,224897,,R,Number,0,Business Data Collection - BDC,Industry by employment variable,Filled jobs,Manufacturing,Trend,,
506,BDCQ.SEA1CT,2021.12,225780,,R,Number,0,Business Data Collection - BDC,Industry by employment variable,Filled jobs,Manufacturing,Trend,,
507,BDCQ.SEA1CT,2022.03,226219,,R,Number,0,Business Data Collection - BDC,Industry by employment variable,Filled jobs,Manufacturing,Trend,,
508,BDCQ.SEA1CT,2022.06,226966,,R,Number,0,Business Data Collection - BDC,Industry by employment variable,Filled jobs,Manufacturing,Trend,,
509,BDCQ.SEA1CT,2022.09,228155,,R,Number,0,Business Data Collection - BDC,Industry by employment variable,Filled jobs,Manufacturing,Trend,,
510,BDCQ.SEA1CT,2022.12,229489,,R,Number,0,Business Data Collection - BDC,Industry by employment variable,Filled jobs,Manufacturing,Trend,,
511,BDCQ.SEA1CT,2023.03,230618,,R,Number,0,Business Data Collection - BDC,Industry by employment variable,Filled jobs,Manufacturing,Trend,,
512,BDCQ.SEA1CT,2023.06,231631,,R,Number,0,Business Data Collection - BDC,Industry by employment variable,Filled jobs,Manufacturing,Trend,,
513,BDCQ.SEA1CT,2023.09,231436,,R,Number,0,Business Data Collection - BDC,Industry by employment variable,Filled jobs,Manufacturing,Trend,,
514,BDCQ.SEA1CT,2023.12,230004,,R,Number,0,Business Data Collection - BDC,Industry by employment variable,Filled jobs,Manufacturing,Trend,,
515,BDCQ.SEA1CT,2024.03,228458,,R,Number,0,Business Data Collection - BDC,Industry by employment variable,Filled jobs,Manufacturing,Trend,,
516,BDCQ.SEA1CT,2024.06,226981,,R,Number,0,Business Data Collection - BDC,Industry by employment variable,Filled jobs,Manufacturing,Trend,,
517,BDCQ.SEA1CT,2024.09,225195,,R,Number,0,Business Data Collection - BDC,Industry by employment variable,Filled jobs,Manufacturing,Trend,,
518,BDCQ.SEA1CT,2024.12,223500,,R,Number,0,Business Data Collection - BDC,Industry by employment variable,Filled jobs,Manufacturing,Trend,,
519,BDCQ.SEA1CT,2025.03,222237,,R,Number,0,Business Data Collection - BDC,Industry by employment variable,Filled jobs,Manufacturing,Trend,,
520,BDCQ.SEA1CT,2025.06,220902,,R,Number,0,Business Data Collection - BDC,Industry by employment variable,Filled jobs,Manufacturing,Trend,,
521,BDCQ.SEA1CT,2025.09,219607,,F,Number,0,Business Data Collection - BDC,Industry by employment variable,Filled jobs,Manufacturing,Trend,,
522,BDCQ.SEA1DA,2011.06,14486,,F,Number,0,Business Data Collection - BDC,Industry by employment variable,Filled jobs,"Electricity, Gas, Water and Waste Services",Actual,,
523,BDCQ.SEA1DA,2011.09,14796,,F,Number,0,Business Data Collection - BDC,Industry by employment variable,Filled jobs,"Electricity, Gas, Water and Waste Services",Actual,,
524,BDCQ.SEA1DA,2011.12,15026,,F,Number,0,Business Data Collection - BDC,Industry by employment variable,Filled jobs,"Electricity, Gas, Water and Waste Services",Actual,,
525,BDCQ.SEA1DA,2012.03,15065,,F,Number,0,Business Data Collection - BDC,Industry by employment variable,Filled jobs,"Electricity, Gas, Water and Waste Services",Actual,,
526,BDCQ.SEA1DA,2012.06,15046,,F,Number,0,Business Data Collection - BDC,Industry by employment variable,Filled jobs,"Electricity, Gas, Water and Waste Services",Actual,,
527,BDCQ.SEA1DA,2012.09,15188,,F,Number,0,Business Data Collection - BDC,Industry by employment variable,Filled jobs,"Electricity, Gas, Water and Waste Services",Actual,,
528,BDCQ.SEA1DA,2012.12,15269,,F,Number,0,Business Data Collection - BDC,Industry by employment variable,Filled jobs,"Electricity, Gas, Water and Waste Services",Actual,,
529,BDCQ.SEA1DA,2013.03,15844,,F,Number,0,Business Data Collection - BDC,Industry by employment variable,Filled jobs,"Electricity, Gas, Water and Waste Services",Actual,,
530,BDCQ.SEA1DA,2013.06,15895,,F,Number,0,Business Data Collection - BDC,Industry by employment variable,Filled jobs,"Electricity, Gas, Water and Waste Services",Actual,,
531,BDCQ.SEA1DA,2013.09,15773,,F,Number,0,Business Data Collection - BDC,Industry by employment variable,Filled jobs,"Electricity, Gas, Water and Waste Services",Actual,,
532,BDCQ.SEA1DA,2013.12,16010,,F,Number,0,Business Data Collection - BDC,Industry by employment variable,Filled jobs,"Electricity, Gas, Water and Waste Services",Actual,,
533,BDCQ.SEA1DA,2014.03,15570,,F,Number,0,Business Data Collection - BDC,Industry by employment variable,Filled jobs,"Electricity, Gas, Water and Waste Services",Actual,,
534,BDCQ.SEA1DA,2014.06,15347,,F,Number,0,Business Data Collection - BDC,Industry by employment variable,Filled jobs,"Electricity, Gas, Water and Waste Services",Actual,,
535,BDCQ.SEA1DA,2014.09,15515,,F,Number,0,Business Data Collection - BDC,Industry by employment variable,Filled jobs,"Electricity, Gas, Water and Waste Services",Actual,,
536,BDCQ.SEA1DA,2014.12,15830,,F,Number,0,Business Data Collection - BDC,Industry by employment variable,Filled jobs,"Electricity, Gas, Water and Waste Services",Actual,,
537,BDCQ.SEA1DA,2015.03,16017,,F,Number,0,Business Data Collection - BDC,Industry by employment variable,Filled jobs,"Electricity, Gas, Water and Waste Services",Actual,,
538,BDCQ.SEA1DA,2015.06,15972,,F,Number,0,Business Data Collection - BDC,Industry by employment variable,Filled jobs,"Electricity, Gas, Water and Waste Services",Actual,,
539,BDCQ.SEA1DA,2015.09,15962,,F,Number,0,Business Data Collection - BDC,Industry by employment variable,Filled jobs,"Electricity, Gas, Water and Waste Services",Actual,,
540,BDCQ.SEA1DA,2015.12,16143,,F,Number,0,Business Data Collection - BDC,Industry by employment variable,Filled jobs,"Electricity, Gas, Water and Waste Services",Actual,,
541,BDCQ.SEA1DA,2016.03,16372,,F,Number,0,Business Data Collection - BDC,Industry by employment variable,Filled jobs,"Electricity, Gas, Water and Waste Services",Actual,,
542,BDCQ.SEA1DA,2016.06,16416,,F,Number,0,Business Data Collection - BDC,Industry by employment variable,Filled jobs,"Electricity, Gas, Water and Waste Services",Actual,,
543,BDCQ.SEA1DA,2016.09,16533,,F,Number,0,Business Data Collection - BDC,Industry by employment variable,Filled jobs,"Electricity, Gas, Water and Waste Services",Actual,,
544,BDCQ.SEA1DA,2016.12,16245,,F,Number,0,Business Data Collection - BDC,Industry by employment variable,Filled jobs,"Electricity, Gas, Water and Waste Services",Actual,,
545,BDCQ.SEA1DA,2017.03,17207,,F,Number,0,Business Data Collection - BDC,Industry by employment variable,Filled jobs,"Electricity, Gas, Water and Waste Services",Actual,,
546,BDCQ.SEA1DA,2017.06,17243,,F,Number,0,Business Data Collection - BDC,Industry by employment variable,Filled jobs,"Electricity, Gas, Water and Waste Services",Actual,,
547,BDCQ.SEA1DA,2017.09,17678,,F,Number,0,Business Data Collection - BDC,Industry by employment variable,Filled jobs,"Electricity, Gas, Water and Waste Services",Actual,,
548,BDCQ.SEA1DA,2017.12,18145,,F,Number,0,Business Data Collection - BDC,Industry by employment variable,Filled jobs,"Electricity, Gas, Water and Waste Services",Actual,,
549,BDCQ.SEA1DA,2018.03,18505,,F,Number,0,Business Data Collection - BDC,Industry by employment variable,Filled jobs,"Electricity, Gas, Water and Waste Services",Actual,,
550,BDCQ.SEA1DA,2018.06,18511,,F,Number,0,Business Data Collection - BDC,Industry by employment variable,Filled jobs,"Electricity, Gas, Water and Waste Services",Actual,,
551,BDCQ.SEA1DA,2018.09,18512,,F,Number,0,Business Data Collection - BDC,Industry by employment variable,Filled jobs,"Electricity, Gas, Water and Waste Services",Actual,,
552,BDCQ.SEA1DA,2018.12,18812,,F,Number,0,Business Data Collection - BDC,Industry by employment variable,Filled jobs,"Electricity, Gas, Water and Waste Services",Actual,,
553,BDCQ.SEA1DA,2019.03,18937,,F,Number,0,Business Data Collection - BDC,Industry by employment variable,Filled jobs,"Electricity, Gas, Water and Waste Services",Actual,,
554,BDCQ.SEA1DA,2019.06,19046,,F,Number,0,Business Data Collection - BDC,Industry by employment variable,Filled jobs,"Electricity, Gas, Water and Waste Services",Actual,,
555,BDCQ.SEA1DA,2019.09,19316,,F,Number,0,Business Data Collection - BDC,Industry by employment variable,Filled jobs,"Electricity, Gas, Water and Waste Services",Actual,,
556,BDCQ.SEA1DA,2019.12,19634,,F,Number,0,Business Data Collection - BDC,Industry by employment variable,Filled jobs,"Electricity, Gas, Water and Waste Services",Actual,,
557,BDCQ.SEA1DA,2020.03,19770,,F,Number,0,Business Data Collection - BDC,Industry by employment variable,Filled jobs,"Electricity, Gas, Water and Waste Services",Actual,,
558,BDCQ.SEA1DA,2020.06,19791,,F,Number,0,Business Data Collection - BDC,Industry by employment variable,Filled jobs,"Electricity, Gas, Water and Waste Services",Actual,,
559,BDCQ.SEA1DA,2020.09,20060,,F,Number,0,Business Data Collection - BDC,Industry by employment variable,Filled jobs,"Electricity, Gas, Water and Waste Services",Actual,,
560,BDCQ.SEA1DA,2020.12,20282,,F,Number,0,Business Data Collection - BDC,Industry by employment variable,Filled jobs,"Electricity, Gas, Water and Waste Services",Actual,,
561,BDCQ.SEA1DA,2021.03,20618,,F,Number,0,Business Data Collection - BDC,Industry by employment variable,Filled jobs,"Electricity, Gas, Water and Waste Services",Actual,,
562,BDCQ.SEA1DA,2021.06,20644,,F,Number,0,Business Data Collection - BDC,Industry by employment variable,Filled jobs,"Electricity, Gas, Water and Waste Services",Actual,,
563,BDCQ.SEA1DA,2021.09,20738,,F,Number,0,Business Data Collection - BDC,Industry by employment variable,Filled jobs,"Electricity, Gas, Water and Waste Services",Actual,,
564,BDCQ.SEA1DA,2021.12,21113,,F,Number,0,Business Data Collection - BDC,Industry by employment variable,Filled jobs,"Electricity, Gas, Water and Waste Services",Actual,,
565,BDCQ.SEA1DA,2022.03,21386,,F,Number,0,Business Data Collection - BDC,Industry by employment variable,Filled jobs,"Electricity, Gas, Water and Waste Services",Actual,,
566,BDCQ.SEA1DA,2022.06,22052,,F,Number,0,Business Data Collection - BDC,Industry by employment variable,Filled jobs,"Electricity, Gas, Water and Waste Services",Actual,,
567,BDCQ.SEA1DA,2022.09,21892,,F,Number,0,Business Data Collection - BDC,Industry by employment variable,Filled jobs,"Electricity, Gas, Water and Waste Services",Actual,,
568,BDCQ.SEA1DA,2022.12,22208,,F,Number,0,Business Data Collection - BDC,Industry by employment variable,Filled jobs,"Electricity, Gas, Water and Waste Services",Actual,,
569,BDCQ.SEA1DA,2023.03,22680,,F,Number,0,Business Data Collection - BDC,Industry by employment variable,Filled jobs,"Electricity, Gas, Water and Waste Services",Actual,,
570,BDCQ.SEA1DA,2023.06,22361,,F,Number,0,Business Data Collection - BDC,Industry by employment variable,Filled jobs,"Electricity, Gas, Water and Waste Services",Actual,,
571,BDCQ.SEA1DA,2023.09,22599,,F,Number,0,Business Data Collection - BDC,Industry by employment variable,Filled jobs,"Electricity, Gas, Water and Waste Services",Actual,,
572,BDCQ.SEA1DA,2023.12,23256,,F,Number,0,Business Data Collection - BDC,Industry by employment variable,Filled jobs,"Electricity, Gas, Water and Waste Services",Actual,,
573,BDCQ.SEA1DA,2024.03,23426,,F,Number,0,Business Data Collection - BDC,Industry by employment variable,Filled jobs,"Electricity, Gas, Water and Waste Services",Actual,,
574,BDCQ.SEA1DA,2024.06,23592,,F,Number,0,Business Data Collection - BDC,Industry by employment variable,Filled jobs,"Electricity, Gas, Water and Waste Services",Actual,,
575,BDCQ.SEA1DA,2024.09,23577,,F,Number,0,Business Data Collection - BDC,Industry by employment variable,Filled jobs,"Electricity, Gas, Water and Waste Services",Actual,,
576,BDCQ.SEA1DA,2024.12,23981,,F,Number,0,Business Data Collection - BDC,Industry by employment variable,Filled jobs,"Electricity, Gas, Water and Waste Services",Actual,,
577,BDCQ.SEA1DA,2025.03,23965,,F,Number,0,Business Data Collection - BDC,Industry by employment variable,Filled jobs,"Electricity, Gas, Water and Waste Services",Actual,,
578,BDCQ.SEA1DA,2025.06,23678,,F,Number,0,Business Data Collection - BDC,Industry by employment variable,Filled jobs,"Electricity, Gas, Water and Waste Services",Actual,,
579,BDCQ.SEA1DA,2025.09,23607,,R,Number,0,Business Data Collection - BDC,Industry by employment variable,Filled jobs,"Electricity, Gas, Water and Waste Services",Actual,,
580,BDCQ.SEA1DS,2011.06,14486,,R,Number,0,Business Data Collection - BDC,Industry by employment variable,Filled jobs,"Electricity, Gas, Water and Waste Services",Seasonally adjusted,,
581,BDCQ.SEA1DS,2011.09,14796,,R,Number,0,Business Data Collection - BDC,Industry by employment variable,Filled jobs,"Electricity, Gas, Water and Waste Services",Seasonally adjusted,,
582,BDCQ.SEA1DS,2011.12,15026,,R,Number,0,Business Data Collection - BDC,Industry by employment variable,Filled jobs,"Electricity, Gas, Water and Waste Services",Seasonally adjusted,,
583,BDCQ.SEA1DS,2012.03,15065,,R,Number,0,Business Data Collection - BDC,Industry by employment variable,Filled jobs,"Electricity, Gas, Water and Waste Services",Seasonally adjusted,,
584,BDCQ.SEA1DS,2012.06,15046,,R,Number,0,Business Data Collection - BDC,Industry by employment variable,Filled jobs,"Electricity, Gas, Water and Waste Services",Seasonally adjusted,,
585,BDCQ.SEA1DS,2012.09,15188,,R,Number,0,Business Data Collection - BDC,Industry by employment variable,Filled jobs,"Electricity, Gas, Water and Waste Services",Seasonally adjusted,,
586,BDCQ.SEA1DS,2012.12,15269,,R,Number,0,Business Data Collection - BDC,Industry by employment variable,Filled jobs,"Electricity, Gas, Water and Waste Services",Seasonally adjusted,,
587,BDCQ.SEA1DS,2013.03,15844,,R,Number,0,Business Data Collection - BDC,Industry by employment variable,Filled jobs,"Electricity, Gas, Water and Waste Services",Seasonally adjusted,,
588,BDCQ.SEA1DS,2013.06,15895,,R,Number,0,Business Data Collection - BDC,Industry by employment variable,Filled jobs,"Electricity, Gas, Water and Waste Services",Seasonally adjusted,,
589,BDCQ.SEA1DS,2013.09,15773,,R,Number,0,Business Data Collection - BDC,Industry by employment variable,Filled jobs,"Electricity, Gas, Water and Waste Services",Seasonally adjusted,,
590,BDCQ.SEA1DS,2013.12,16010,,R,Number,0,Business Data Collection - BDC,Industry by employment variable,Filled jobs,"Electricity, Gas, Water and Waste Services",Seasonally adjusted,,
591,BDCQ.SEA1DS,2014.03,15570,,R,Number,0,Business Data Collection - BDC,Industry by employment variable,Filled jobs,"Electricity, Gas, Water and Waste Services",Seasonally adjusted,,
592,BDCQ.SEA1DS,2014.06,15347,,R,Number,0,Business Data Collection - BDC,Industry by employment variable,Filled jobs,"Electricity, Gas, Water and Waste Services",Seasonally adjusted,,
593,BDCQ.SEA1DS,2014.09,15515,,R,Number,0,Business Data Collection - BDC,Industry by employment variable,Filled jobs,"Electricity, Gas, Water and Waste Services",Seasonally adjusted,,
594,BDCQ.SEA1DS,2014.12,15830,,R,Number,0,Business Data Collection - BDC,Industry by employment variable,Filled jobs,"Electricity, Gas, Water and Waste Services",Seasonally adjusted,,
595,BDCQ.SEA1DS,2015.03,16017,,R,Number,0,Business Data Collection - BDC,Industry by employment variable,Filled jobs,"Electricity, Gas, Water and Waste Services",Seasonally adjusted,,
596,BDCQ.SEA1DS,2015.06,15972,,R,Number,0,Business Data Collection - BDC,Industry by employment variable,Filled jobs,"Electricity, Gas, Water and Waste Services",Seasonally adjusted,,
597,BDCQ.SEA1DS,2015.09,15962,,R,Number,0,Business Data Collection - BDC,Industry by employment variable,Filled jobs,"Electricity, Gas, Water and Waste Services",Seasonally adjusted,,
598,BDCQ.SEA1DS,2015.12,16143,,R,Number,0,Business Data Collection - BDC,Industry by employment variable,Filled jobs,"Electricity, Gas, Water and Waste Services",Seasonally adjusted,,
599,BDCQ.SEA1DS,2016.03,16372,,R,Number,0,Business Data Collection - BDC,Industry by employment variable,Filled jobs,"Electricity, Gas, Water and Waste Services",Seasonally adjusted,,
600,BDCQ.SEA1DS,2016.06,16416,,R,Number,0,Business Data Collection - BDC,Industry by employment variable,Filled jobs,"Electricity, Gas, Water and Waste Services",Seasonally adjusted,,
601,BDCQ.SEA1DS,2016.09,16533,,R,Number,0,Business Data Collection - BDC,Industry by employment variable,Filled jobs,"Electricity, Gas, Water and Waste Services",Seasonally adjusted,,
602,BDCQ.SEA1DS,2016.12,16245,,R,Number,0,Business Data Collection - BDC,Industry by employment variable,Filled jobs,"Electricity, Gas, Water and Waste Services",Seasonally adjusted,,
603,BDCQ.SEA1DS,2017.03,17207,,R,Number,0,Business Data Collection - BDC,Industry by employment variable,Filled jobs,"Electricity, Gas, Water and Waste Services",Seasonally adjusted,,
604,BDCQ.SEA1DS,2017.06,17243,,R,Number,0,Business Data Collection - BDC,Industry by employment variable,Filled jobs,"Electricity, Gas, Water and Waste Services",Seasonally adjusted,,
605,BDCQ.SEA1DS,2017.09,17678,,R,Number,0,Business Data Collection - BDC,Industry by employment variable,Filled jobs,"Electricity, Gas, Water and Waste Services",Seasonally adjusted,,
606,BDCQ.SEA1DS,2017.12,18145,,R,Number,0,Business Data Collection - BDC,Industry by employment variable,Filled jobs,"Electricity, Gas, Water and Waste Services",Seasonally adjusted,,
